=== SHEET: 37о | mode: values | actual: A1:AV632 ===
R1																																									двери+потолки:	6817.35
R2																																									окна:	8661.423
R3																																									жалюзи:	0
R4																																								42241.6022	27548.871	15478.773				2	0	0
R5												период:	46266	46295					дс1 изделия		дс2 изделия			дс монтаж											4	5				13984.3864	9120.252	6080.168				1	42241.6022	27548.871
R6		% зам	% ВС	% мен	зам	м	Источник	З/п монтаж		Замерщик	Менеджер	№ договора	Дата заключения	Дата закрытия	ФИО заказчика	Ст-ть изделия перв-ная	Свет	Ст-ть монтажа перв-ная	сумма	дата	сумма	дата	итого стоимость изделий	сумма	дата	итого стоимость работ	Общая итоговая стоимость	Оплата1	Оплата2	Оплата3	Оплата4	Оплата5	Остаток	% остатка	0.7	0.3	зп за дс1	зп за дс2	зп за дс3	З/п менеджер	Зам.	ВС	5	1094323	630625	173333	13984.3864	9120.252
R7			0.02	0.03		1			#DIV/0!	бз	Юля	37д-193	45301	45301	Потапенко К.Н.	2000							2000			0	2000	2000					0	0	0	0	0	0	0	0	0	0	0	0	0	0	0	0
R8		0.03	0.02	0.03	1	1			#DIV/0!	Денис	Юля	371д-194	45301	45301	Руденко С.Н.	21560							21560			0	21560	21560					0	0	0	0	0	0	0	0	0	0	0	0	0	0	0	0
R9			0.02	0.03		1			#DIV/0!	бз	Юля	37д-195	45304	45306	Крутенин Р.В.	2580							2580			0	2580	1620	960				0	0	0	0	0	0	0	0	0	0	0	0	0	0	0	0
R10		0.03	0.02	0.03	1	1	уже обращался	10580	0.7463	Денис	Юля	371д-196	45310	45315	Волкова М.А.	26733		14176					26733			14176	40909	10909	30000				0	0	0	0	0	0	0	0	0	0	0	0	0	0	0	0
R11			0.02	0.03		1	живу рядом	5800	0.6969	бз	Юля	37д-197	45311	45318	Никулина О.А.	25657		8323					25657			8323	33980	33980					0	0	0	0	0	0	0	0	0	0	0	0	0	0	0	0
R12			0.02	0.03		1			#DIV/0!	бз	Юля	37д-198	45311	45313	Матюшевская К.А.	7565							7565			0	7565	7565					0	0	0	0	0	0	0	0	0	0	0	0	0	0	0	0
R13		0.03	0.02	0.03	1	1	уже обращался	8030	0.8562	Денис	Юля	371д-199	45314	45320	Сорокина Н.К.	27050		9379					27050	1323	45320	10702	37752	36429	1323				0	0	0	0	0	0	0	0	0	0	0	0	0	0	0	0
R14		0.03	0.02	0.03	1	1	наружка	6970	0.8603	Денис	Юля	371д-200	45314	45315	Захаров С.С.	30604		8102					30604			8102	38706	38706					0	0	0	0	0	0	0	0	0	0	0	0	0	0	0	0
R15		0.03	0.02	0.03	1	1	уже обращался	4145	0.7012	Денис	Юля	371д-201	45316	45320	Шебукова Е.В.	10250		5911					10250			5911	16161	16161					0	0	0	0	0	0	0	0	0	0	0	0	0	0	0	0
R16		0.03	0.02	0.03	1	1	по рекомендации	3850	0.6967	Денис	Юля	371д-202	45317	45338	Яковенко О.Н.	10065		5526					10065			5526	15591	15591					0	0	0	0	0	0	0	0	0	0	0	0	0	0	0	0
R17			0.02	0.03		1			#DIV/0!	бз	Юля	37д-203		45321	Бахидор	6500							6500			0	6500	6500					0	0	0	0	0	0	0	0	0	0	0	0	0	0	0	0
R18		0.03	0.02	0.03	1	1		9220	0.7323	Денис	Юля	371д-204	45325	45339	Прокофьева Ю.Н.	27410		12590	-3980	45332	-1012	45328	22418			12590	35008	40000	-1012	-3980			0	0	0	0	0	0	0	0	0	0	0	0	0	0	0	0
R19			0.02	0.03		1	мимо проходила		#DIV/0!		Юля	37д-205	45324	45328	Аленстрой	25940							25940			0	25940	25940					0	0	0	0	0	0	0	0	0	0	0	0	0	0	0	0
R20		0.03	0.02	0.03	1	1		5400	0.7785	Денис	Юля	371д-206	45324	45334	Сабуркин Д.А.	29900		6936					29900			6936	36836	10836	26000				0	0	0	0	0	0	0	0	0	0	0	0	0	0	0	0
R21			0.02	0.03		1	интернет	3970	0.7009		Юля	37д-207	45327	45332	Сиваков О.О.	9645		5664					9645			5664	15309	15309					0	0	0	0	0	0	0	0	0	0	0	0	0	0	0	0
R22		0.03	0.02	0.03	1	1		13480	0.7052	Денис	Юля	371д-208	45334	45377	Виниченко О.В.	38126		19116					38126			19116	57242	57242					0	0	0	0	0	0	0	0	0	0	0	0	0	0	0	0
R23		0.03	0.02	0.03	1	1	мимо проходила	5970	0.7014	Денис	Юля	371д-209	45346	45349	Забирова Т.А.	31700		8511					31700			8511	40211	40211					0	0	0	0	0	0	0	0	0	0	0	0	0	0	0	0
R24		0.03	0.02	0.03	1	1	уже обращался	22740	1.0131	Денис	Юля	371д-210	45344	45943	Бобкова В.И.	33184		22447					33184	9731	45945	32178	65362	-575	55631	10306			0	0	0	0	0	0	0	0	0	0	0	0	0	0	0	0
R25		0.03	0.02	0.03	1	1	мимо проходил	4700	0.7383	Денис	Юля	371д-211	45344	45350	Гардиенко К.В.	15900		6366					15900			6366	22266	17000	5266				0	0	0	0	0	0	0	0	0	0	0	0	0	0	0	0
R26		0.03	0.02	0.03	1	1	уже обращался	4260	0.7002	Денис	Юля	371д-212	45352	45358	Яковенко О.Н.	9010		6084					9010			6084	15094	15094					0	0	0	0	0	0	0	0	0	0	0	0	0	0	0	0
R27		0.03	0.02	0.03	1	1	уже обращался		0	Денис	Юля	371д-213	45349		Бобкова В.И.	7818		1610					7818			1610	9428	9428					0	0	0	0	0	0	0	0	0	0	0	0	0	0	0	0
R28		0.03	0.02	0.03	1	1	уже обращался	7290	0.7214	Денис	Юля	371д-214	45356	45362	Панкратова М.Ю.	19980		10106					19980			10106	30086	22000	8086				0	0	0	0	0	0	0	0	0	0	0	0	0	0	0	0
R29		0.03	0.02	0.03	1	1	проходила мимо		#DIV/0!	Денис	Юля	371д-215	45362	45362	Ахмедова Г.И.	33595							33595			0	33595	33595					0	0	0	0	0	0	0	0	0	0	0	0	0	0	0	0
R30		0.03	0.02	0.03	1	1			#DIV/0!	Денис	Юля	37д-216	45362	45362	Потапенко К.Н.	1500							1500			0	1500	1500					0	0	0	0	0	0	0	0	0	0	0	0	0	0	0	0
R31		0.03	0.02	0.03	1	1		3120	0.7	Денис	Юля	371д-217	45362	45395	Базилев А.В.	8315		4457					8315			4457	12772	9000	3772				0	0	0	0	0	0	0	0	0	0	0	0	0	0	0	0
R32		0.03	0.02	0.03	1	1	уже обращался	3000	0.7003	Денис	Юля	371д-218	45369	45379	Яковенко О.Н.	9010		4284					9010			4284	13294	13294					0	0	0	0	0	0	0	0	0	0	0	0	0	0	0	0
R33		0.03	0.02	0.03	1	1	интернет	3000	0.7003	Денис	Юля	371д-219	45370	45372	Щекина М.Н.	10900		4284					10900			4284	15184	15184					0	0	0	0	0	0	0	0	0	0	0	0	0	0	0	0
R34		0.03	0.02	0.03	1	1	уже обращался	7630	0.7088	Денис	Юля	371д-220	45371	45380	Забирова Т.А.	16553		10765					16553			10765	27318	20000	7318				0	0	0	0	0	0	0	0	0	0	0	0	0	0	0	0
R35		0.03	0.02	0.03	1	1	уже обращался	4770	0.6989	Денис	Юля	371д-221	45377	45381	Терещенко Л.Д.	37917		6825					37917			6825	44742	32000	12742				0	0	0	0	0	0	0	0	0	0	0	0	0	0	0	0
R36		0.03	0.02	0.03	1	1	проходила мимо		#DIV/0!	Денис	Юля	371д-222	45378	45381	Герасименко А.А.	10070							10070			0	10070	10070					0	0	0	0	0	0	0	0	0	0	0	0	0	0	0	0
R37		0.03	0.02	0.03	1	1	по рекомендации	4380	0.4688	Денис	Юля	371д-223	45380	45383	Лисицина Е.Б.	18900		9344					18900			9344	28244	28244					0	0	0	0	0	0	0	0	0	0	0	0	0	0	0	0
R38		0.03	0.02	0.03	1	1	уже обращался	4970	#DIV/0!	Денис	Юля	371д-224	45380	45384	Артемьева А.К.	33684							33684			0	33684	33684					0	0	0	0	0	0	0	0	0	0	0	0	0	0	0	0
R39			0.02	0.03		1			#DIV/0!	бз	Юля	37д-225	45381	45383	Попкова Н.В.	900			450	45383			1350			0	1350	900	450				0	0	0	0	0	0	0	0	0	0	0	0	0	0	0	0
R40		0.03	0.02	0.03	1	1		16400	0.7037	Денис	Юля	371д-226	45383	45387	Беляев Е.В.			23306					0			23306	23306	23306					0	0	0	0	0	0	0	0	0	0	0	0	0	0	0	0
R41			0.02	0.03		1			#DIV/0!	бз	Юля	37д-227	45384	45385	Виниченко О.В.	2960							2960			0	2960	2960					0	0	0	0	0	0	0	0	0	0	0	0	0	0	0	0
R42			0.02	0.03		1			#DIV/0!	бз	Юля	37д-228	45384	45385	Газизулин В.	3950							3950			0	3950	3950					0	0	0	0	0	0	0	0	0	0	0	0	0	0	0	0
R43		0.03	0.02	0.03	1	1	уже обращался	4360	0.698	Денис	Юля	371д-229	45387	45388	Черныш С.П.			6246					0			6246	6246	6246					0	0	0	0	0	0	0	0	0	0	0	0	0	0	0	0
R44		0.03	0.02	0.03	1	1	уже обращался	7335	0.7008	Денис	Юля	371д-230	45388	45391	Прокофьева Д.В.	26230		10467	-346	45392			25884			10467	36351	-346	36697				0	0	0	0	0	0	0	0	0	0	0	0	0	0	0	0
R45		0.03	0.02	0.03	1	1		4800	0.6955	Денис	Юля	371д-231	45388	45401	Пшенина Н.В.	10930		6902					10930	230	45392	7132	18062	230	13000	4832			0	0	0	0	0	0	0	0	0	0	0	0	0	0	0	0
R46			0.02	0.03		1			#DIV/0!	бз	Юля	37д-232	45398	45404	Кононова Е.	2000							2000			0	2000	2000					0	0	0	0	0	0	0	0	0	0	0	0	0	0	0	0
R47		0.03	0.02	0.03	1	1	уже обращался	7880	0.7137	Денис	Юля	371д-233	45399	45402	Симонова А.И.	21100		11041					21100			11041	32141	32141					0	0	0	0	0	0	0	0	0	0	0	0	0	0	0	0
R48			0.02	0.03		1	проходила мимо	1800	0.7051	бз	Юля	37д-234	45400	45408	Володина Л.И.	1710		2553					1710			2553	4263	4263					0	0	0	0	0	0	0	0	0	0	0	0	0	0	0	0
R49		0.03	0.02	0.03	1	1			#DIV/0!			371д-235											0			0	0						0	#DIV/0!	0	0	0	0	0	0	0	0	0	0	0	0	0	0
R50		0.03	0.02	0.03	1	1	по рекомендации	7140	0.9592	Денис	Юля	371д-236	45401	45415	Паничев Н.В.			7444					0	2814	45404	10258	10258	2814	7444				0	0	0	0	0	0	0	0	0	0	0	0	0	0	0	0
R51		0.03	0.02	0.03	1	1	интернет	8030	0.7215	Денис	Юля	371д-237	45401	45408	Корнейкова М.С.	33300		11129					33300			11129	44429	44429					0	0	0	0	0	0	0	0	0	0	0	0	0	0	0	0
R52			0.02	0.03		1	другое		#DIV/0!	бз	Юля	37д-238	45406		Копина И.Ю.	63050							63050			0	63050	63050					0	0	0	0	0	0	0	0	0	0	0	0	0	0	0	0
R53		0.03	0.02	0.03	1	1	уже обращался	4090	0.7007	Денис	Юля	371д-239	45415	45420	Зырянова М.Ю.	11425		5837					11425			5837	17262	13000	4262				0	0	0	0	0	0	0	0	0	0	0	0	0	0	0	0
R54		0.03	0.02	0.03	1	1			#DIV/0!			371д-240											0			0	0						0	#DIV/0!	0	0	0	0	0	0	0	0	0	0	0	0	0	0
R55		0.03	0.02	0.03	1	1	уже обращался		#DIV/0!	Денис	Юля	371д-241	45418	45420	Стрельникова Н.С.	15700							15700			0	15700	15700					0	0	0	0	0	0	0	0	0	0	0	0	0	0	0	0
R56		0.03	0.02	0.03	1	1	уже обращался	3815	0.7172	Денис	Юля	371д-242	45416	45427	Герасивенко А.А.			5319					0			5319	5319	5319					0	0	0	0	0	0	0	0	0	0	0	0	0	0	0	0
R57		0.03	0.02	0.03	1	1	по рекомендации	23165	0.7047	Денис	Юля	371д-243	45423	45443	Мамонов К.Н.	75757		32873					75757			32873	108630	76000	32630				0	0	0	0	0	0	0	0	0	0	0	0	0	0	0	0
R58		0.03	0.02	0.03	1	1		11260	0.7025	Денис	Юля	371д-244	45450	45460	Афонькина Л.С.	32126		16029					32126			16029	48155	15000	10155	11500	11500		0	0	0	0	0	0	0	0	0	0	0	0	0	0	0	0
R59		0.03	0.02	0.03	1	1	по рекомендации	16060	0.7511	Денис	Юля	371д-245	45449	45453	Расторгуева Е.П.	23220		21382					23220			21382	44602	35000	9602				0	0	0	0	0	0	0	0	0	0	0	0	0	0	0	0
R60		0.03	0.02	0.03	1	1	проходила мимо	4180	0.9757	Денис	Юля	371д-246	45451	45457	Воробьёва О.Н.	8180		4284					8180	1718	45458	6002	14182	10000	2464	1718			0	0	0	0	0	0	0	0	0	0	0	0	0	0	0	0
R61			0.02	0.03		1			#DIV/0!		Юля	37д-247	45453	45456	Сторожук А.А.	7020							7020			0	7020	7020					0	0	0	0	0	0	0	0	0	0	0	0	0	0	0	0
R62		0.03	0.02	0.03	1	1	интернет	4850	0.7026	Денис	Юля	371д-248	45456	45456	Кравец А.А.	9290		6903					9290			6903	16193	12000	4193				0	0	0	0	0	0	0	0	0	0	0	0	0	0	0	0
R63		0.03	0.02	0.03	1	1	мимо проходила	5790	0.7029	Денис	Юля	371д-249	45458	45461	Лещенко В.В.	10320		8237					10320			8237	18557	18557					0	0	0	0	0	0	0	0	0	0	0	0	0	0	0	0
R64		0.03	0.02	0.03	1	1	мимо проходила	30220	0.7216	Денис	Юля	371д-250	45456	45462	Болотина О.А.	50900		41882	-2037	45468			48863			41882	90745	65000	27782	-2037			0	0	0	0	0	0	0	0	0	0	0	0	0	0	0	0
R65			0.02	0.03		1			#DIV/0!		Юля	37д-251	45458	45458	ОФТ	590							590			0	590	590					0	0	0	0	0	0	0	0	0	0	0	0	0	0	0	0
R66		0.03	0.02	0.03	1	1	мимо проходила	13550	0.7	Денис	Юля	371д-252	45461	45483	Дубова С.А.	46290		19356					46290			19356	65646	65646					0	0	0	0	0	0	0	0	0	0	0	0	0	0	0	0
R67		0.03	0.02	0.03	1	1	уже обращался	10310	0.691	Денис	Юля	371д-253	45467	45485	Фёдоров Ю.Г.	28910		14921					28910			14921	43831	43831					0	0	0	0	0	0	0	0	0	0	0	0	0	0	0	0
R68		0.03	0.02	0.03	1	1	уже обращался	4460	0.696	Денис	Юля	371д-254	45471	45475	Остроумов А.А.	9410		6408					9410			6408	15818	11500	4318				0	0	0	0	0	0	0	0	0	0	0	0	0	0	0	0
R69			0.02	0.03		1			#DIV/0!	бз	Юля	37д-255	45472	45482	Горская М.	2780							2780			0	2780	2780					0	0	0	0	0	0	0	0	0	0	0	0	0	0	0	0
R70			0.02	0.03		1	уже обращался	3000	0.7003	бз	Юля	37д-256	45475	45480	Суркова М.Д.	4500		4284	2000	45477			6500			4284	10784	6000	4784				0	0	0	0	0	0	0	0	0	0	0	0	0	0	0	0
R71			0.02	0.03		1	интернет	13090	0.709	бз	Юля	37д-257	45475	45482	Лутченко Ю.А.	50405		18463					50405	-9693	45568	8770	59175	68868	-9693				0	0	0	0	0	0	0	0	0	0	0	0	0	0	0	0
R72		0.03	0.02	0.03	1	1	по рекомендации	15650	0.7021	Денис	Юля	371д-258	45478	45481	Фролова Д.Г.			22291					0			22291	22291	22291					0	0	0	0	0	0	0	0	0	0	0	0	0	0	0	0
R73		0.03	0.02	0.03	4	1	уже обращался	7040	0.6917	Денис П	Юля	374д-259	45481	45495	Канайкина М.О.	9160		10178					9160			10178	19338	10000	9985				-647	-0.0335	0	0	0	0	0	0	0	0	0	0	0	0	0	0
R74		0.03	0.02	0.03	4	1	уже обращался	5370	0.7854	Денис П	Юля	374д-260	45488	45519	Синицкая И.П.	22250		6837					22250			6837	29087	29088					-1	0	0	0	0	0	0	0	0	0	0	0	0	0	0	0
R75		0.03	0.02	0.03	4	1	уже обращался	8470	0.7028	Денис П	Юля	374д-261	45484	45490	Дубовикова К.В.	23645		12052	-2400	45491			21245			12052	33297	35697	-2400				0	0	0	0	0	0	0	0	0	0	0	0	0	0	0	0
R76			0.02	0.03		1			#DIV/0!	бз	Юля	37д-262	45488	45490	Трофимов А.В.	5520							5520			0	5520	5520					0	0	0	0	0	0	0	0	0	0	0	0	0	0	0	0
R77			0.02	0.03		1	уже обращался	6900	0.734	бз	Юля	37д-263	45489	45502	Шишкова О.В.	7980		9400					7980			9400	17380	13000	4380				0	0	0	0	0	0	0	0	0	0	0	0	0	0	0	0
R78		0.03	0.02	0.03	4	1	интернет	8000	0.7287	Денис П	Юля	374д-264	45492	45503	Круглова С.А.	7030		10978					7030			10978	18008	18008					0	0	0	0	0	0	0	0	0	0	0	0	0	0	0	0
R79		0.03	0.02	0.03	4	1	по рекомендации	5100	0.7353	Денис П	Юля	374д-265	45495	45506	Поцелуйко А.П.	29973		6936					29973			6936	36909	36909					0	0	0	0	0	0	0	0	0	0	0	0	0	0	0	0
R80		0.03	0.02	0.03	4	1	другое	4380	0.7416	Денис П	Юля	374д-266	45495	45504	Гледенова С.С.	15900		5906					15900			5906	21806	21806					0	0	0	0	0	0	0	0	0	0	0	0	0	0	0	0
R81		0.03	0.02	0.03	4	1	интернет	4380	0.7416	Денис П	Юля	374д-267	45493	45500	Ковала А.С.	21300		5906					21300			5906	27206	27206					0	0	0	0	0	0	0	0	0	0	0	0	0	0	0	0
R82			0.02	0.03		1	уже обращался		0	бз	Юля	37д-269	45497		Костина Н.В.	35289		18919					35289			18919	54208	40000					14208	0.2621	0	0	0	0	0	0	0	0	0	0	0	0	0	0
R83			0.02	0.03		1		13220	#DIV/0!	бз	Юля	37д-269	45497	45514	Костина Н.В.	54208							54208			0	54208	14208					40000	0.7379	0	0	0	0	0	0	0	0	0	0	0	0	0	0
R84		0.03	0.02	0.03	1	1	мимо проходила	8820	0.724	Денис	Юля	371д-270	45510	45512	Яковлева Л.Ю.	25090		12183					25090			12183	37273	30000	7273				0	0	0	0	0	0	0	0	0	0	0	0	0	0	0	0
R85		0.03	0.02	0.03	1	1	интернет	11420	0.7042	Денис	Юля	371д-271	45511	45531	Трофимов А.В.			16217					0			16217	16217	16217					0	0	0	0	0	0	0	0	0	0	0	0	0	0	0	0
R86		0.03	0.02	0.03	1	1			#DIV/0!			371д-272											0			0	0						0	#DIV/0!	0	0	0	0	0	0	0	0	0	0	0	0	0	0
R87		0.03	0.02	0.03	1	1	уже обращался	4300	0.7019		Юля	371д-273	45521	45535	Шетаков Г.С.			6126					0			6126	6126	6126					0	0	0	0	0	0	0	0	0	0	0	0	0	0	0	0
R88		0.03	0.02	0.03	1	1			#DIV/0!	Денис	Юля	371д-274	45540	45545	ООО СМП	79520							79520			0	79520	79520					0	0	0	0	0	0	0	0	0	0	0	0	0	0	0	0
R89			0.02	0.03		1			#DIV/0!		Юля	37д-275	45516	45517	Чумаков А.Н.	2700							2700			0	2700	2700					0	0	0	0	0	0	0	0	0	0	0	0	0	0	0	0
R90		0.03	0.02	0.03	1	1	интернет	25040	0.7415	Денис	Юля	371д-276	45525	45539	Анашкина Н.В.	44530		33768					44530			33768	78298	78298					0	0	0	0	0	0	0	0	0	0	0	0	0	0	0	0
R91		0.03	0.02	0.03	1	1		10470	0.7252	Денис	Юля	371д-277	45542	45551	Вохмянина Е.А.	36878		14438					36878			14438	51316	40000	11316				0	0	0	0	0	0	0	0	0	0	0	0	0	0	0	0
R92		0.03	0.02	0.03	1	1			#DIV/0!	Денис	Юля	371д-278		45545	Горячкин Н.Н.	1390							1390			0	1390	390	1000				0	0	0	0	0	0	0	0	0	0	0	0	0	0	0	0
R93		0.03	0.02	0.03	1	1	мимо проходила		#DIV/0!	Денис	Юля	371д-279		45547	Мусаев Р.Ш.	29570							29570			0	29570	29570					0	0	0	0	0	0	0	0	0	0	0	0	0	0	0	0
R94		0.03	0.02	0.03	1	1		10080	0.7062	Денис	Юля	371д-280	45549	45551	Сидорцова 			14274					0			14274	14274	14274					0	0	0	0	0	0	0	0	0	0	0	0	0	0	0	0
R95		0.03	0.02	0.03	1	1			#DIV/0!	Денис	Юля	37д-281	45552	45552	Мусаев Р.Ш.	1100							1100			0	1100	1100					0	0	0	0	0	0	0	0	0	0	0	0	0	0	0	0
R96		0.03	0.02	0.03	1	1			#DIV/0!	Денис	Юля	37д-282	45555	45555	Мусаев Р.Ш.	900							900			0	900	900					0	0	0	0	0	0	0	0	0	0	0	0	0	0	0	0
R97		0.03	0.02	0.03	1	1		6320	0.7002	Денис	Юля	371д-283	45559	45580	Агафонова М.Р.	35000		9026					35000			9026	44026	44026					0	0	0	0	0	0	0	0	0	0	0	0	0	0	0	0
R98			0.02	0.03		1			#DIV/0!	бз	Юля	37д-284	45566	45568	Никулина А.А.	19900							19900			0	19900	19900					0	0	0	0	0	0	0	0	0	0	0	0	0	0	0	0
R99		0.03	0.02	0.03	1	1	мимо проходила		#DIV/0!	Денис	Юля	371д-285	45567	45568	Юлдашев Х.Г.	18000							18000			0	18000	18000					0	0	0	0	0	0	0	0	0	0	0	0	0	0	0	0
R100		0.03	0.02	0.03	1	1	по рекомендации	5800	0.7902	Денис	Юля	371д-286	45579	45587	Ильенкова Л.С.	15500		7340					15500			7340	22840	22840					0	0	0	0	0	0	0	0	0	0	0	0	0	0	0	0
R101		0.03	0.02	0.03	1	1	по рекомендации	11480	#DIV/0!	Денис	Юля	371д-287	45578	45578	Кочетов А.В.				3000	45581			3000			0	3000		11072	3000			-11072	-3.6907	0	0	0	0	0	0	0	0	0	0	0	0	0	0
R102		0.03	0.02	0.03	1	1			0	Денис	Юля	371д-288	45569		Кочетов А.В.	37600		13472					37600			13472	51072	40000					11072	0.2168	0	0	0	0	0	0	0	0	0	0	0	0	0	0
R103		0.03	0.02	0.03	1	1	по рекомендации	34140	0.7818	Денис	Юля	371д-289	45574	45586	Кудрявцева С.Е.	55429		43669	4290	45587			59719			43669	103388	70000	27388	4290			1710	0.0165	0	0	0	0	0	0	0	0	0	0	0	0	0	0
R104		0.03	0.02	0.03	1	1		9580	0.7001	Денис	Юля	371д-290	45574	45586	Кудрявцева С.Е.	21139		13684	3361	45587			24500			13684	38184	25000	13184	3361			-3361	-0.088	0	0	0	0	0	0	0	0	0	0	0	0	0	0
R105		0.03	0.02	0.03	1	1		6030	0.6995	Денис	Юля	371д-291	45580	45591	Искакова И.В.	16085		8620	-175	45581			15910			8620	24530	18000	6704	-175			1	0	0	0	0	0	0	0	0	0	0	0	0	0	0	0
R106			0.02	0.03		1			#DIV/0!	бз	Юля	37д-292	45580	45580	Батурин В.А.	3300							3300			0	3300	3300					0	0	0	0	0	0	0	0	0	0	0	0	0	0	0	0
R107			0.02	0.03		1		30580	0.7122	бз	Юля	37д-293	45582	45598	Гомелюк О.Б.			42937					0			42937	42937	30000	12936				1	0	0	0	0	0	0	0	0	0	0	0	0	0	0	0
R108		0.03	0.02	0.03	1	1			#DIV/0!			37д-294											0			0	0						0	#DIV/0!	0	0	0	0	0	0	0	0	0	0	0	0	0	0
R109			0.02	0.03		1	мимо проходила		#DIV/0!	бз	Юля	37д-295	45588	45588	Пикулева Д.В.	39790							39790			0	39790	39790					0	0	0	0	0	0	0	0	0	0	0	0	0	0	0	0
R110		0.03	0.02	0.03	1	1	искала дешевле	8420	0.7134	Денис	Юля	371д-296	45586	45588	Дубинская Л.Н.	17700		11802					17700			11802	29502	29502					0	0	0	0	0	0	0	0	0	0	0	0	0	0	0	0
R111		0.03	0.02	0.03	1	1	уже обращался	15440	0.6985	Денис	Юля	371д-297	45588	45602	Калужин П.О.	29077		22104					29077			22104	51181	51181					0	0	0	0	0	0	0	0	0	0	0	0	0	0	0	0
R112			0.02	0.03		1		17510	0.7267	бз	Юля	37д-298	45590	45603	Бабич А.И.			24094	1198	45604			1198			24094	25292	18000	6093	1198			1	0	0	0	0	0	0	0	0	0	0	0	0	0	0	0
R113		0.03	0.02	0.03	1	1	уже обращался	10380	0.6981	Денис	Юля	371д-299	45593	45611	Кулакова О.Б.	21785		14868					21785			14868	36653	26000	10653				0	0	0	0	0	0	0	0	0	0	0	0	0	0	0	0
R114		0.03	0.02	0.03	1	1	уже обращался	5800	0.7065	Денис	Юля	371д-300	45598	45603	Хитрова И.В.	30282		8210					30282			8210	38492	29000	9492				0	0	0	0	0	0	0	0	0	0	0	0	0	0	0	0
R115		0.03	0.02	0.03	1	1	уже обращался	12680	0.7707	Денис	Юля	371д-301	45607	45618	Головач О.О.	20010		16452					20010	1728	45621	18180	38190	26000	12190				0	0	0	0	0	0	0	0	0	0	0	0	0	0	0	0
R116		0.03	0.02	0.03	1	1	уже обращался	10440	0.7002	Денис	Юля	371д-302	45608	45616	Кичигина Р.В.	21200		14910					21200			14910	36110	26000	10110				0	0	0	0	0	0	0	0	0	0	0	0	0	0	0	0
R117		0.03	0.02	0.03	1	1		8700	0.4876	Денис	Юля	371д-303	45608	45622	Александров Е.Н.	35800		17842					35800	-6570	45623	11272	47072	38000	9072				0	0	0	0	0	0	0	0	0	0	0	0	0	0	0	0
R118		0.03	0.02	0.03	1	1	мимо проходила	4150	0.7008	Денис	Юля	371д-304	45611	45623	Шарифянова И.А.	7825		5922					7825			5922	13747	13747					0	0	0	0	0	0	0	0	0	0	0	0	0	0	0	0
R119			0.02	0.03		1			#DIV/0!		Юля	37д-305	45614	45615	Муллаяров Р.Ф.	19900							19900			0	19900	19900					0	0	0	0	0	0	0	0	0	0	0	0	0	0	0	0
R120			0.02	0.03		1			#DIV/0!		Юля	37д-306	45614	45616	Петрачук Г.И.	50620							50620			0	50620	50620					0	0	0	0	0	0	0	0	0	0	0	0	0	0	0	0
R121			0.02	0.03		1	по рекомендации	6930	0.7426		Юля	37д-307	45618	45619	Васильева Н.И. 	37840		9332					37840			9332	47172	47172					0	0	0	0	0	0	0	0	0	0	0	0	0	0	0	0
R122		0.03	0.02	0.03	1	1	работаем вместе	10650	0.7347	Денис	Юля	371д-308	45632	45653	Исмаилова Э.Р.	42390		14496					42390			14496	56886	56886					0	0	0	0	0	0	0	0	0	0	0	0	0	0	0	0
R123		0.03	0.02	0.03	1	1	интернет	5760	0.7018	Денис	Юля	371д-309	45633	45647	Мокиевская Ю.Р.	12015		8207					12015			8207	20222	20221					1	0	0	0	0	0	0	0	0	0	0	0	0	0	0	0
R124		0.03	0.02	0.03	1	1	интернет	26500	0.732	Денис	Юля	371д-310	45642	45649	Леонова В.В.	56820		36204					56820	1440	45674	37644	94464	93024	1440				0	0	0	0	0	0	0	0	0	0	0	0	0	0	0	0
R125		0.03	0.02	0.03	1	1		10980	0.7251	Денис	Юля	371д-311	45642	45649	Леонова В.В.	35084		15142					35084			15142	50226	50226					0	0	0	0	0	0	0	0	0	0	0	0	0	0	0	0
R126		0.03	0.02	0.03	1	1		14800	0.8404	Денис	Юля	371д-312	45642	45645	Дроздова Н.Д.	71215		17610					71215	3000	45649	20610	91825	88825	3000				0	0	0	0	0	0	0	0	0	0	0	0	0	0	0	0
R127		0.03	0.02	0.03	1	1		11320	0.6523	Денис	Юля	371д-313	45647	45650	Зырянова М.Ю.	25145		17353					25145	-1470	45650	15883	41028	6028	35000				0	0	0	0	0	0	0	0	0	0	0	0	0	0	0	0
R128		0.03	0.02	0.03	1	1		5590	0.6998	Денис	Юля	371д-314	45647	45653	Кичигина Р.В.	10565		7988					10565			7988	18553	18553					0	0	0	0	0	0	0	0	0	0	0	0	0	0	0	0
R129		0.03	0.02	0.03	1	1			#DIV/0!			371д-315											0			0	0						0	#DIV/0!	0	0	0	0	0	0	0	0	0	0	0	0	0	0
R130		0.03	0.02	0.04	1	1			#DIV/0!	Денис	Юля	37д-316	45671	45671	Мусаев Р.Ш.	34180							34180			0	34180	34180					0	0	0	0	0	0	0	0	0	0	0	0	0	0	0	0
R131		0.03	0.02	0.04	1	1		30190	0.7264	Денис	Юля	371д-316	45674	45688	Сражидинова О.Н.	55350		41563					55350			41563	96913	68000	28913				0	0	0	0	0	0	0	0	0	0	0	0	0	0	0	0
R132		0.03	0.02	0.04	1	1			#DIV/0!	Денис	Юля	37д-317	45673		Снятков	10000							10000			0	10000	10000					0	0	0	0	0	0	0	0	0	0	0	0	0	0	0	0
R133		0.03	0.02	0.04	1	1		9360	0.7486	Денис	Юля	371д-318	45681	45684	Толоконцева Р.И.	35800		12504					35800			12504	48304	48304					0	0	0	0	0	0	0	0	0	0	0	0	0	0	0	0
R134		0.03	0.02	0.04	1	1	уже обращался	4750	0.6996	Денис	Юля	371д-319	45688	45696	Канайкина М.О.	5090		6790					5090			6790	11880	11879					1	0.0001	0	0	0	0	0	0	0	0	0	0	0	0	0	0
R135			0.02	0.05		1			#DIV/0!		Юля	37д-320	45691	45696	Заводская Е.П.	7710							7710			0	7710	7710					0	0	0	0	0	0	0	0	0	0	0	0	0	0	0	0
R136		0.03	0.02	0.05	1	1	уже обращался	12890	0.7237	Денис	Юля	371д-321	45699	45706	Фофанов Ю.Г.	34100		17812					34100			17812	51912	51912					0	0	0	0	0	0	0	0	0	0	0	0	0	0	0	0
R137		0.03	0.02	0.05	1	1	по рекомендации	11200	0.7621	Денис	Юля	371д-322	45703	45717	Георгиевская Т.И.	32075		14697					32075			14697	46772	46772					0	0	0	0	0	0	0	0	0	0	0	0	0	0	0	0
R138		0.03	0.02	0.05	1	1		14200	0.7466	Денис	Юля	371д-323	45703	45739	Георгиевская Т.И.	15690		19020					15690			19020	34710	34710					0	0	0	0	0	0	0	0	0	0	0	0	0	0	0	0
R139			0.02	0.05		1	наружка	3000	0.6673		Юля	37д-324	45712	45713	Борисов О.А.			4496					0			4496	4496	4496					0	0	0	0	0	0	0	0	0	0	0	0	0	0	0	0
R140		0.03	0.02	0.05	1	1		12790	0.7036	Денис	Юля	371д-325	45714	45717	Фофанов Ю.Г.	26730		18179	990	45716			27720			18179	45899	44909	990				0	0	0	0	0	0	0	0	0	0	0	0	0	0	0	0
R141		0.03	0.02	0.05	1	1		7150	0.6978	Денис	Юля	371д-326	45717	45720	Волин В.В.	21900		10246					21900			10246	32146	32146					0	0	0	0	0	0	0	0	0	0	0	0	0	0	0	0
R142			0.02	0.05		1	наружка		#DIV/0!		Юля	37д-327	45726	45730	Никифоров С.Н.	11115							11115			0	11115	11115					0	0	0	0	0	0	0	0	0	0	0	0	0	0	0	0
R143		0.03	0.02	0.05	1	1	уже обращался	15100	0.7235	Денис	Юля	371д-328	45730	45745	Сыропоршнева Т.М.	35917		20872					35917			20872	56789	56789					0	0	0	0	0	0	0	0	0	0	0	0	0	0	0	0
R144		0.03	0.02	0.05	1	1	интернет	8590	0.6978	Денис	Юля	371д-329	45735	45736	миклуш-Липовская Н.Ф.	20710		12310					20710			12310	33020	33020					0	0	0	0	0	0	0	0	0	0	0	0	0	0	0	0
R145		0.03	0.02	0.05	1	1	уже обращался	12650	0.6992	Денис	Юля	371д-330	45735	45741	Фоменко Т.Г.	21480		18093	990	45735			22470			18093	40563	39573	990				0	0	0	0	0	0	0	0	0	0	0	0	0	0	0	0
R146		0.03	0.02	0.05	1	1	интернет	8090	0.7224	Денис	Юля	371д-331	45738	45743	Афоничева М.Я.	19930		11199					19930			11199	31129	31129					0	0	0	0	0	0	0	0	0	0	0	0	0	0	0	0
R147		0.03	0.02	0.05	1	1		23710	0.6983	Денис	Юля	371д-332	45743	45752	Арсентьев Н.Г.	50560		33954					50560			33954	84514	84514					0	0	0	0	0	0	0	0	0	0	0	0	0	0	0	0
R148		0.03	0.02	0.05	1	1			#DIV/0!			37д-333			Бойко А.А.								0			0	0	4590	-4590				0	#DIV/0!	0	0	0	0	0	0	0	0	0	0	0	0	0	0
R149		0.03	0.02	0.05	1	1		5740	0.7195	Денис	Юля	371д-334	45750	45818	Зимарева О.В.	12945		7978					12945			7978	20923	18000	2922				1	0	0	0	0	0	0	0	0	0	0	0	0	0	0	0
R150		0.03	0.02	0.05	1	1	интернет	10700	0.7083	Денис	Юля	371д-335	45756	45759	Уткин С.В.	20710		15106					20710			15106	35816	35816					0	0	0	0	0	0	0	0	0	0	0	0	0	0	0	0
R151		0.03	0.02	0.05	1	1	уже обращался	9020	0.7141	Денис	Юля	371д-336	45759	45763	Смирнова И.К.	36800		12632					36800			12632	49432	49432					0	0	0	0	0	0	0	0	0	0	0	0	0	0	0	0
R152		0.03	0.02	0.05	1	1	уже обращался	9600	0.7278	Денис	Юля	371д-337	45762	45766	Сидорцова Е.А.	19605		13190					19605			13190	32795	32795					0	0	0	0	0	0	0	0	0	0	0	0	0	0	0	0
R153		0.03	0.02	0.05	1	1		21200	0.7104	Денис	Юля	371д-338	45765	45771	Мороз Л.В.	60120		29843					60120			29843	89963	89963					0	0	0	0	0	0	0	0	0	0	0	0	0	0	0	0
R154		0.03	0.02	0.05	1	1	мимо проходила	8540	0.7246	Денис	Юля	371д-339	45770	45772	Михайлова Л.А.	31850		11785					31850			11785	43635	43635					0	0	0	0	0	0	0	0	0	0	0	0	0	0	0	0
R155		0.03	0.02	0.05	1	1		11670	0.942	Денис	Юля	371д-340	45773	45791	Грядунова А.Г.	33150		12389					33150	5732	45794	18121	51271	45539	5732				0	0	0	0	0	0	0	0	0	0	0	0	0	0	0	0
R156		0.03	0.02	0.05	1	1	уже обращался	12260	0.7312	Денис	Юля	371д-341	45776	45783	Искакова И.В.	38150		16768	-2550	45783			35600			16768	52368	38000	14368				0	0	0	0	0	0	0	0	0	0	0	0	0	0	0	0
R157		0.03	0.02	0.05	1	1		7530	#DIV/0!	интернет	Юля	371д-342	45777	45785	Тихомирова Е.В.	17362							17362			0	17362	13000	4362				0	0	0	0	0	0	0	0	0	0	0	0	0	0	0	0
R158		0.03	0.02	0.05	1	1			#DIV/0!		Юля	371д-343	45789	45790	ИП Пшонко А.В.	39900							39900			0	39900	39900					0	0	0	0	0	0	0	0	0	0	0	0	0	0	0	0
R159		0.03	0.02	0.05	1	1	уже обращался	13400	0.7177		Юля	371д-344	45790	45793	Сумская Т.В.	20010		18671					20010			18671	38681	38681					0	0	0	0	0	0	0	0	0	0	0	0	0	0	0	0
R160		0.03	0.02	0.05	1	1	по рекомендации	6250	0.4028		Юля	371д-345	45797	45799	Ожгиин К.О.	25900		15516					25900	-6750	45799	8766	34666	4666	30000				0	0	0	0	0	0	0	0	0	0	0	0	0	0	0	0
R161		0.03	0.02	0.05	1	1	мимо проходила	11260	0.7192		Юля	371д-346	45797	45801	Абакумова С.П.	36800		15657					36800			15657	52457	52457					0	0	0	0	0	0	0	0	0	0	0	0	0	0	0	0
R162		0.03	0.02	0.05	1	1	интернет	7150	0.7114		Юля	371д-347	45800	45804	Калинин А.В.	59500		10050					59500			10050	69550	69550					0	0	0	0	0	0	0	0	0	0	0	0	0	0	0	0
R163		0.03	0.02	0.05	1	1	по рекомендации	14030	0.7168		Юля	371д-348	45800	45805	Масюк А.И.	20840		19572					20840			19572	40412	40412					0	0	0	0	0	0	0	0	0	0	0	0	0	0	0	0
R164		0.03	0.02	0.05	1	1	другое	9800	0.5579	Денис	Юля	371д-349	45821	45826	Абатурова Т.А.	40330		17566					40330			17566	57896	57896					0	0	0	0	0	0	0	0	0	0	0	0	0	0	0	0
R165		0.03	0.02	0.05	1	1	уже обращался	8100	0.7206	Денис	Юля	371д-350	45829	45838	Клементьев В.С.	32900		11240					32900			11240	44140	31000	13140				0	0	0	0	0	0	0	0	0	0	0	0	0	0	0	0
R166		0.03	0.02	0.05	1	1		5300	0.701	Денис	Юля	371д-351	45829	45833	Печугин М.Г.	17900		7561					17900			7561	25461	25461					0	0	0	0	0	0	0	0	0	0	0	0	0	0	0	0
R167		0.03	0.02	0.05	1	1	уже обращался	7300	0.7751	Денис	Юля	371д-352	45835	45835	Тюрина С.Н.	8430		9418					8430			9418	17848	17848					0	0	0	0	0	0	0	0	0	0	0	0	0	0	0	0
R168		0.03	0.02	0.05	1	1		20000	0.7149	Денис	Юля	371д-353	45839	45840	Кусайко Н.В.			27976					0			27976	27976	27976					0	0	0	0	0	0	0	0	0	0	0	0	0	0	0	0
R169			0.02	0.05		1	уже обращался		#DIV/0!		Юля	37д-354	45842	45843	Стрельникова Н.С.	15280							15280			0	15280	15280					0	0	0	0	0	0	0	0	0	0	0	0	0	0	0	0
R170		0.03	0.02	0.05	1	1	интернет	11200	0.6938	Денис	Юля	371д-355	45843	45846	Каратков М.В.	44450		16143					44450			16143	60593	60593					0	0	0	0	0	0	0	0	0	0	0	0	0	0	0	0
R171		0.03	0.02	0.05	1	1		11150	0.6749	Денис	Юля	371д-356	45850	45856	Алексеева Н.П.	35050		16521					35050			16521	51571	51571					0	0	0	0	0	0	0	0	0	0	0	0	0	0	0	0
R172		0.03	0.02	0.05	1	1		34570	0.7063	Денис	Оля	371д-357	45850	45890	Алексеева Н.П.	73675		48944					73675			48944	122619	73675	48944				0	0	0	0	0	0	0	0	0	0	0	0	0	0	0	0
R173		0.03	0.02	0.05	1	1		29010	#DIV/0!	Денис	Юля	371д-358	45854	45883	Русь плюс	111196							111196			0	111196	111196					0	0	0	0	0	0	0	0	0	0	0	0	0	0	0	0
R174		0.03	0.02	0.05	1	1	по рекомендации	7000	0.7	Денис	Юля	371д-359	45854	45856	Воробьёв К.Г.	30800		10000					30800			10000	40800	40800					0	0	0	0	0	0	0	0	0	0	0	0	0	0	0	0
R175		0.03	0.02	0.05	1	1	проходил мимо	15620	0.8226	Денис	Юля	371д-360	45860	45867	Колесникова С.С.	33760		18989					33760	3170	45860	22159	55919	52748	3170				1	0	0	0	0	0	0	0	0	0	0	0	0	0	0	0
R176		0.03	0.02	0.05	1	1	интернет	5320	0.6998	Денис	Юля	371д-361	45868	45874	Крылов П.Э.	14330		7602					14330			7602	21932	21932					0	0	0	0	0	0	0	0	0	0	0	0	0	0	0	0
R177		0.03	0.02	0.05	1	1	интернет	9850	0.7015	Денис	Юля	371д-362	45864	45873	Грядунова А.Г.	30210		14042					30210			14042	44252	31000	13552				-300	-0.0068	0	0	0	0	0	0	0	0	0	0	0	0	0	0
R178		0.03	0.02	0.05	1	1	уже обращался	9870	0.7071		Юля	371д-363	45874	45875	Мрачковская Е.Б.	45350		13958					45350			13958	59308	59308					0	0	0	0	0	0	0	0	0	0	0	0	0	0	0	0
R179		0.03	0.02	0.05	1	1	уже обращался	8880	0.6996		Юля	371д-364	45874	45875	Лобанова А.А.	23050		12693					23050			12693	35743	15743	20000				0	0	0	0	0	0	0	0	0	0	0	0	0	0	0	0
R180		0.03	0.02	0.05	1	1		5170	0.8045		Юля	371д-365	45874	45876	Анфёров Р.В.			6426					0	810	45876	7236	7236	6426	810				0	0	0	0	0	0	0	0	0	0	0	0	0	0	0	0
R181		0.03	0.02	0.05	1	1	мимо проходил	5060	0.7003		Юля	371д-366	45876	45877	Галкина А.А.	18100		7225					18100			7225	25325	25325					0	0	0	0	0	0	0	0	0	0	0	0	0	0	0	0
R182		0.03	0.02	0.05	1	1	по рекомендации	10200	0.7074		Юля	371д-367	45876	45878	Тошева У.	35050		14418					35050			14418	49468	49468					0	0	0	0	0	0	0	0	0	0	0	0	0	0	0	0
R183		0.03	0.02	0.05	1	1		18040	0.7151	Денис	Юля	371д-368	45896	45906	Гичко Т.А.	23300		25226					23300			25226	48526	48526					0	0	0	0	0	0	0	0	0	0	0	0	0	0	0	0
R184		0.03	0.02	0.05	1	1	мимо проходила	5870	0.7023		Юля	371д-369	45897	45899	Железняк Л.Н.	11305		8358					11305			8358	19663	19663					0	0	0	0	0	0	0	0	0	0	0	0	0	0	0	0
R185		0.03	0.02	0.05	1	1	наружка	18050	0.702	Денис	Юля	371д-370	45897	45906	Дементьев В.А.	33155		25714					33155			25714	58869	58868					1	0	0	0	0	0	0	0	0	0	0	0	0	0	0	0
R186		0.03	0.02	0.05	1	1	наружка		#DIV/0!		Юля	371д-371	45898		Чекавинская Г.В.	59820							59820			0	59820	17000	35000	7820			0	0	0	0	0	0	0	0	0	0	0	0	0	0	0	0
R187		0.03	0.02	0.05	1	1		7000	0.7015	Денис	Юля	371д-372	45898	45903	Соколова Е.В.	4867		9978	2723	45899			7590			9978	17568	14844	2723				1	0.0001	0	0	0	0	0	0	0	0	0	0	0	0	0	0
R188		0.03	0.02	0.05	1	1	интернет	12100	0.7026	Денис	Юля	371д-373	45898	45905	Алексеева Е.Б.	20740		17221	2646	45906			23386			17221	40607	27000	10961	2646			0	0	0	0	0	0	0	0	0	0	0	0	0	0	0	0
R189		0.03	0.02	0.05	1	1	мимо проходила	10750	0.6995	Денис	Юля	371д-374	45903	45910	Сорокина З.В.	23700		15368					23700			15368	39068	28000	11068				0	0	0	0	0	0	0	0	0	0	0	0	0	0	0	0
R190		0.03	0.02	0.05	1	1		29000	0.7234	Денис	Юля	371д-375	45903	45917	Сорокина З.В.	49100		40090					49100			40090	89190	63000	26189				1	0	0	0	0	0	0	0	0	0	0	0	0	0	0	0
R191		0.03	0.02	0.05	1	1	уже обращался	25440	0.7163	Денис	Юля	371д-376	45911	45917	Бобкова В.И.			35516					0	448	45919	35964	35964	25000	10964				0	0	0	0	0	0	0	0	0	0	0	0	0	0	0	0
R192		0.03	0.02	0.05	1	1			#DIV/0!			371д-377											0			0	0						0	#DIV/0!	0	0	0	0	0	0	0	0	0	0	0	0	0	0
R193		0.03	0.02	0.05	1	1		8800	0.7168	Денис	Юля	371д-378	45913	45920	Коваленко А.А.	49400		12277					49400			12277	61677	17677	44000				0	0	0	0	0	0	0	0	0	0	0	0	0	0	0	0
R194			0.02	0.05		1	интернет		#DIV/0!		Юля	37д-379	45919	45922	Кузнецова Т.И.	10265							10265			0	10265	10265					0	0	0	0	0	0	0	0	0	0	0	0	0	0	0	0
R195		0.03	0.02	0.05	1	1	уже обращался	20320	0.7396	Денис	Юля	371д-380	45924	45930	Хасьянова Р.М.	29495		27473					29495			27473	56968	40000	16967				1	0	0	0	0	0	0	0	0	0	0	0	0	0	0	0
R196			0.02	0.05		1			#DIV/0!		Юля	37д-381	45926	45927	Смирнова А.В.	1470							1470			0	1470	1470					0	0	0	0	0	0	0	0	0	0	0	0	0	0	0	0
R197		0.03	0.02	0.05	1	1			0	Денис	Юля	371д-382	45927	расторжение	Ковалёва К.Н.	26110		20838	-23474	45932			2636			20838	23474	33000	-33000				23474	1	0	0	0	0	0	0	0	0	0	0	0	0	0	0
R198		0.03	0.02	0.05	1	1		4350	0.7003	Денис	Юля	371д-383	45930	45932	Волкова М.А.	7780		6212					7780			6212	13992	13992					0	0	0	0	0	0	0	0	0	0	0	0	0	0	0	0
R199		0.03	0.02	0.046	1	1	уже обращался	6350	0.8998	Денис	Юля	371д-384	45932	46034	Зимарева О.В.	9965		7057					9965	1740	46011	8797	18762	12000	5021	1740			1	0.0001	0	0	0	0	0	0	0	0	0	0	0	0	0	0
R200		0.03	0.02	0.05	1	1	наружка	10000	0.7001	Денис	Юля	371д-385	45934	45936	Огуркова О.В.			14284					0			14284	14284	14284					0	0	0	0	0	0	0	0	0	0	0	0	0	0	0	0
R201		0.03	0.02	0.05	1	1	уже обращался	8550	0.6911	Денис	Юля	371д-386	45938	45940	Железняк Л.Н.	24610		12371					24610			12371	36981	36981					0	0	0	0	0	0	0	0	0	0	0	0	0	0	0	0
R202		0.03	0.02	0.05	1	1		7650	0.7608	Денис	Юля	371д-387	45938	45941	Железняк Л.Н.	10935		10055					10935	870	45938	10925	21860	20989	870				1	0	0	0	0	0	0	0	0	0	0	0	0	0	0	0
R203		0.03	0.02	0.05	1	1		15600	0.5666	Денис	Юля	371д-388	45946	45957	Фомина Н.В.	37745		27532	-7853	45953			29892			27532	57424	50000	7424				0	0	0	0	0	0	0	0	0	0	0	0	0	0	0	0
R204		0.03	0.02	0.05	1	1			#DIV/0!	Денис	Юля	371д-389	45944	45945	Чекавинская Г.В.	10890							10890			0	10890	10890					0	0	0	0	0	0	0	0	0	0	0	0	0	0	0	0
R205		0.03	0.02	0.05	1	1		10240	0.7006	Денис	Юля	371д-390	45987	46015	Кашин К.К.	19570		14616					19570			14616	34186	0	15000	19186			0	0	0	0	0	0	0	0	0	0	0	0	0	0	0	0
R206		0.03	0.02	0.05	1	1	интернет	6450	0.707	Денис	Юля	371д-391	45953	45958	Шилова Е.В.	12305		9123					12305			9123	21428	21428					0	0	0	0	0	0	0	0	0	0	0	0	0	0	0	0
R207		0.03	0.02	0.05	1	1		18600	0.6965	Денис	Юля	371д-392	45953	45960	Градова С.В.	26200		26706					26200			26706	52906	52906					0	0	0	0	0	0	0	0	0	0	0	0	0	0	0	0
R208		0.03	0.02	0.05	1	1	наружка	15835	0.7015	Денис	Юля	371д-393	45960	45967	Владыко В.В.	19420		22573					19420			22573	41993	30000	11992				1	0	0	0	0	0	0	0	0	0	0	0	0	0	0	0
R209			0.02	0.05		1			#DIV/0!	бз	Юля	37д-394	45972	45973	Метелеца М.А.	26605							26605			0	26605	7605	19000				0	0	0	0	0	0	0	0	0	0	0	0	0	0	0	0
R210		0.03	0.02	0.05	1	1		10800	0.7131	Денис	Юля	371д-395	45976	45979	Чумовицкая А.П.	39380		15146					39380			15146	54526	54526					0	0	0	0	0	0	0	0	0	0	0	0	0	0	0	0
R211		0.03	0.02	0.05	1	1	уже обращался	5800	0.7124	Денис	Юля	371д-396	45979	45985	Косарева А.В.	8900		8141					8900			8141	17041	17041					0	0	0	0	0	0	0	0	0	0	0	0	0	0	0	0
R212		0.03	0.02	0.05	1	1	наружка	10100	0.7031	Денис	Юля	371д-397	45982	45985	Володяева И.А.	24850		14365	-1120	45985			23730			14365	38095	28000	10095				0	0	0	0	0	0	0	0	0	0	0	0	0	0	0	0
R213			0.02	0.05		1			#DIV/0!	бз	Юля	37д-398	45987	45990	Метелица М.А.	8575			975	45988			9550			0	9550	8575	975				0	0	0	0	0	0	0	0	0	0	0	0	0	0	0	0
R214		0.03	0.02	0.05	1	1		6850	0.7011	Денис	Юля	371д-398	45988	46059	Забелкина Е.В.	36800		9771					36800			9771	46571	33000	13571				0	0	0	0	0	0	0	0	0	0	0	0	0	0	0	0
R215		0.03	0.02	0.05	1	1		11920	0.751	Денис	Юля	371д-399	45989	45994	Железняк Л.Н.	23910		15873					23910	1127	45995	17000	40910	25000	14783	1127			0	0	0	0	0	0	0	0	0	0	0	0	0	0	0	0
R216		0.03	0.02	0.05	1	1		10400	0.7055		Юля	371д-400	45995	45997	Фомина Н.В.	8900		14741					8900			14741	23641	23641					0	0	0	0	0	0	0	0	0	0	0	0	0	0	0	0
R217		0.03	0.02	0.05	1	1			#DIV/0!		Юля	37д-401	45997		Литвинова В.А.	5000							5000			0	5000	5000					0	0	0	0	0	0	0	0	0	0	0	0	0	0	0	0
R218		0.03	0.02	0.05	1	1	по рекомендации	7200	0.663		Юля	371д-402	46004	46006	Исаков Д.В.	35050		10860					35050			10860	45910	12910	33000				0	0	0	0	0	0	0	0	0	0	0	0	0	0	0	0
R219		0.03	0.02	0.05	1	1	по рекомендации	6600	0.8848		Юля	371д-403	46008	46013	Нестерова Г.С.	10935		7459					10935			7459	18394	18394					0	0	0	0	0	0	0	0	0	0	0	0	0	0	0	0
R220		0.03	0.02	0.05	1	1		5250	0.8335		Юля	371д-403/1	46004	46013	Фомина Н.В.	5000		6299					5000			6299	11299	11299					0	0	0	0	0	0	0	0	0	0	0	0	0	0	0	0
R221		0.03	0.02	0.046	1	1		16300	0.6999	Денис	Юля	371д-404	46008	46036	Мещереков Н.А.	33985		23290					33985			23290	57275	45000	12274				1	0	0	0	0	0	0	0	0	0	0	0	0	0	0	0
R222		0.03	0.02	0.05	1	1	интернет	8000	0.6976		Юля	371д-405	46009	46000	Ахметзянова Е.Ю.	38350		11468					38350			11468	49818	49818					0	0	0	0	0	0	0	0	0	0	0	0	0	0	0	0
R223		0.03	0.02	0.05	1	1	уже обращался	13700	0.7048		Юля	371д-406	46009	46017	Дроздова Н.Д.			19438					0			19438	19438	19438					0	0	0	0	0	0	0	0	0	0	0	0	0	0	0	0
R224		0.03	0.02	0.05	1	1	мимо проходил	18500	0.7078	Денис	Юля	371д-407	46010	46014	Трудов А.Б.	44300		26137					44300	-5925	46072	20212	64512	50000	20437	-5925			0	0	0	0	0	0	0	0	0	0	0	0	0	0	0	0
R225		0.03	0.02	0.046	1	1	уже обращался	8200	0.6677	Денис	Юля	371д-408	46014	46036	Тинченко Е.В.			12281					0			12281	12281	12281					0	0	0	0	0	0	0	0	0	0	0	0	0	0	0	0
R226		0.03	0.02	0.046	1	1	уже обращался	10000	0.5686	Денис	Юля	371д-409	46017	46020	Большакова Л.П.	36450		17586					36450	-2726	46039	14860	51310	54036	-2726				0	0	0	0	0	0	0	0	0	0	0	0	0	0	0	0
R227		0.03	0.02	0.05	1	1			#DIV/0!		Юля	37д-410	46018	46020	Бордунов К.М.	1750							1750			0	1750	1750					0	0	0	0	0	0	0	0	0	0	0	0	0	0	0	0
R228		0.03	0.02	0.046	1	1		8150	0.6771	Денис	Юля	371д-411	46021	46036	Чумовицкая А.П.			12037					0			12037	12037	12037					0	0	0	0	0	0	0	0	0	0	0	0	0	0	0	0
R229			0.02	0.046		1	интернет		#DIV/0!		Юля	37д-412	46034	46036	Трофимов К.В.	94050			-9375	45670			84675			0	84675	-9375	94050				0	0	0	0	0	0	0	0	0	0	0	0	0	0	0	0
R230		0.03	0.02	0.046	1	1	интернет	29100	0.8151	Денис	Юля	371д-413	46034	46062	Тинченко Е.В.	77470		35700					77470	2995	46063	38695	116165	80000	33170	2995			0	0	0	0	0	0	0	0	0	0	0	0	0	0	0	0
R231		0.03	0.02	0.046	1	1	уже обращался	15300	0.6464	Денис	Юля	371д-414	46036	46042	Панкратова Л.Д.	36000		23671					36000	5902	46039	29573	65573	59671	5902				0	0	0	0	0	0	0	0	0	0	0	0	0	0	0	0
R232		0.03	0.02	0.046	1	1	интернет	14000	0.6631	Денис	Юля	371д-415	46037	46043	Тюрина С.Н.	51230		21114	1800	46043			53030			21114	74144	1800	72344				0	0	0	0	0	0	0	0	0	0	0	0	0	0	0	0
R233		0.03	0.02	0.046	1	1			#DIV/0!	Денис	Юля	37д-416		46041	Бордунов К.М.	1050							1050			0	1050	1050					0	0	0	0	0	0	0	0	0	0	0	0	0	0	0	0
R234			0.02	0.046		1		1900	0.6988		Юля	37д-417	46039	46062	Тинченко Е.В.	3960		2719	3295	46043			7255			2719	9974	6678	3295				1	0.0001	0	0	0	0	0	0	0	0	0	0	0	0	0	0
R235		0.03	0.02	0.046	1	1		11700	0.6771	Денис	Юля	371д-418	46046	46063	Ротбарк Г.Н.	19860		17280	-1350	46050	9785	46049	28295			17280	45575	-1350	37140	9785			0	0	0	0	0	0	0	0	0	0	0	0	0	0	0	0
R236		0.03	0.02	0.046	1	1		10000	0.6841	Денис	Юля	371д-419	46046	46058	Ольшанская М.А.	10900		14617					10900	-1058	46060	13559	24459	25516	-1058				1	0	0	0	0	0	0	0	0	0	0	0	0	0	0	0
R237		0.03	0.02	0.046	1	1	наружка	7500	0.6831	Денис	Юля	371д-420	46050	46064	Поноровская О.А.	15555		10980					15555			10980	26535	26535					0	0	0	0	0	0	0	0	0	0	0	0	0	0	0	0
R238			0.02	0.046		1			0		Юля	37д-421	46057	46060	ООО СевИнжГео	37690		1500					37690			1500	39190	39190					0	0	0	0	0	0	0	0	0	0	0	0	0	0	0	0
R239			0.02	0.046		1			#DIV/0!		Юля	37д-422		46057	Ольшанская М.	10285							10285			0	10285	10285					0	0	0	0	0	0	0	0	0	0	0	0	0	0	0	0
R240		0.03	0.02	0.046	1	1			#DIV/0!			371д-423		расторжение	Лысенко О.А.	38500							38500			0	38500	38500	-38500				38500	1	0	0	0	0	0	0	0	0	0	0	0	0	0	0
R241		0.03	0.02	0.046	1	1			0	Денис	Юля	371д-424	46063	46091	Васильева Т.Е.	29900		16277					29900	-13100	46098	3177	33077	43000	-13100				3177	0.096	0	0	0	0	0	0	0	0	0	0	0	0	0	0
R242		0.03	0.02	0.046	1	1			#DIV/0!	Денис	Юля	371д-425	46064	46064	Ольшанская М.	10585			2800	46064			13385			0	13385	2800	10585				0	0	0	0	0	0	0	0	0	0	0	0	0	0	0	0
R243			0.02	0.046		1			#DIV/0!		Юля	37д-426	46072	46073	Ольшанская М.	1890							1890			0	1890	1890					0	0	0	0	0	0	0	0	0	0	0	0	0	0	0	0
R244			0.02	0.046		1			#DIV/0!		Юля	37д-427	46067	46069	Ощукова О.В.	3750							3750			0	3750	3750					0	0	0	0	0	0	0	0	0	0	0	0	0	0	0	0
R245			0.02	0.046		1			#DIV/0!		Юля	37д-428	46067	46071	Ротбарк Г.Н.	5000							5000			0	5000	5000					0	0	0	0	0	0	0	0	0	0	0	0	0	0	0	0
R246			0.02	0.046		1			#DIV/0!		Юля	37д-429	46079	46079	Клиновская Л.Г.	1250							1250			0	1250	1250					0	0	0	0	0	0	0	0	0	0	0	0	0	0	0	0
R247		0.03	0.02	0.046	1	1		6260	0.6746	Денис	Юля	371д-430	46174	46203	Кашин К.К.	36135		9280					36135			9280	45415	10000	6000	10000	10000	9415	0	0	0	0	0	0	0	0	0	0	0	0	0	0	0	0
R248		0.03	0.02	0.046	1	1	уже обращался	31665	0.7235	Денис	Юля	371д-431	46084	46109	Ворсина И.В.	50555		43766	4627	46109			55182			43766	98948	50555	4627	43766			0	0	0	0	0	0	0	0	0	0	0	0	0	0	0	0
R249			0.02	0.046		1			#DIV/0!		Юля	37д-432	46088	46097	Балагурова Н.В.	24000			1900	46094			25900			0	25900	24000	1900				0	0	0	0	0	0	0	0	0	0	0	0	0	0	0	0
R250		0.03	0.02	0.046	1	1	наружка	11100	0.6802	Денис	Юля	371д-433	46094	46104	Бадулина Ю.В.	36800		16318	1500	46112			38300			16318	54618	53117	1500				1	0	0	0	0	0	0	0	0	0	0	0	0	0	0	0
R251			0.02	0.046		1			#DIV/0!		Юля	37д-434	46098	46099	Воронцов А.С.	41075							41075			0	41075	41075					0	0	0	0	0	0	0	0	0	0	0	0	0	0	0	0
R252		0.03	0.02	0.046	1	1	уже обращался	19270	#DIV/0!	Денис	Юля	371д-435	46098	46104	Антонова О.П.	67820							67820	4962	46105	4962	72782	50000	17820	4962			0	0	0	0	0	0	0	0	0	0	0	0	0	0	0	0
R253		0.03	0.02	0.046	1	1		29250	0.6848	Денис	Юля	371д-435	46102	46114	Смирнова И.К.	63749		42714					63749			42714	106463	75000	31463				0	0	0	0	0	0	0	0	0	0	0	0	0	0	0	0
R254		0.03	0.02	0.046	1	1		1400	#DIV/0!	Денис	Юля	371д-436	46164	46173	Маркова Т.В.	58627			2018	46173			60645			0	60645	42000	18646				-1	0	0	0	0	0	0	0	0	0	0	0	0	0	0	0
R255			0.02	0.046		1			#DIV/0!		Юля	37д-437	46106	46107	Фазлиева Р.Р.	1350							1350			0	1350	1350					0	0	0	0	0	0	0	0	0	0	0	0	0	0	0	0
R256		0.03	0.02	0.046	1	1	уже обращался	6100	0.6421	Денис	Юля	371д-438	46107	46116	Староверова О.А.	2700		9500	900	46120			3600			9500	13100	12200	900				0	0	0	0	0	0	0	0	0	0	0	0	0	0	0	0
R257		0.03	0.02	0.046	1	1	интернет	6150	0.6699	Денис	Юля	371д-439	46109	46115	Варганова Г.И.	31900		9180					31900			9180	41080	41080					0	0	0	0	0	0	0	0	0	0	0	0	0	0	0	0
R258		0.03	0.02	0.046	1	1	по рекомендации	15060	0.6609	Денис	Юля	371д-440	46113	46119	Сухорученков О.В.	42900		22786					42900			22786	65686	39900	25785				1	0	0	0	0	0	0	0	0	0	0	0	0	0	0	0
R259		0.03	0.02	0.046	1	1	уже обращался	5750	0.6728	Денис	Юля	371д-441	46112	46115	Сколова Н.В.	15450		8546					15450			8546	23996	23995					1	0	0	0	0	0	0	0	0	0	0	0	0	0	0	0
R260		0.03	0.02	0.046	1	1	интернет	8500	0.6717	Денис	Юля	371д-442	46112	46117	Юматов А.В.	41640		12654					41640			12654	54294	54294					0	0	0	0	0	0	0	0	0	0	0	0	0	0	0	0
R261			0.02	0.046		1			#DIV/0!		Юля	37д-441	46120	46121	Гледенева С.С.	3000							3000			0	3000	3000					0	0	0	0	0	0	0	0	0	0	0	0	0	0	0	0
R262		0.03	0.02	0.046	1	1	наружка	7600	0.6814	Денис	Юля	371д-443	46126	46130	Дентьев В.А.	12230		11154					12230			11154	23384	23384					0	0	0	0	0	0	0	0	0	0	0	0	0	0	0	0
R263		0.03	0.02	0.046	1	1	наружка	8800	0.679	Денис	Юля	371д-444	46127	46132	Подгаец О.И.	35800		12960	-3780	46142			32020	-2280	46148	10680	42700	44980	1420				-3700	-0.0867	0	0	0	0	0	0	0	0	0	0	0	0	0	0
R264		0.03	0.02	0.046	1	1		43900	0.6812	Денис	Юля	371д-445	46127	46143	Подгаец О.И.	83580		64443					83580			64443	148023	148023					0	0	0	0	0	0	0	0	0	0	0	0	0	0	0	0
R265		0.03	0.02	0.046	1	1		11650	0.6754	Денис	Юля	371д-446	46141	46154	Подтопельный С.А.	26960		17250					26960			17250	44210	44210					0	0	0	0	0	0	0	0	0	0	0	0	0	0	0	0
R266		0.03	0.02	0.046	1	1	мимо проходила	13310	0.6784	Денис	Юля	371д-447	46147	46156	Ухарчук А.А.	21910		19620					21910			19620	41530	30000	11530				0	0	0	0	0	0	0	0	0	0	0	0	0	0	0	0
R267		0.03	0.02	0.046	1	1	уже обращался	5170	0.6725	Денис	Юля	371д-448	46156	46160	Рябчикова Н.Н.	9190		7688					9190			7688	16878	16877					1	0.0001	0	0	0	0	0	0	0	0	0	0	0	0	0	0
R268		0.03	0.02	0.046	1	1	уже обращался	15700	0.6814	Денис	Юля	371д-449	46163	46173	Стоян Н.В.			23040					0			23040	23040	23040					0	0	0	0	0	0	0	0	0	0	0	0	0	0	0	0
R269		0.03	0.02	0.046	1	1	по рекомендации	13970	0.6965	Денис	Юля	371д-450	46231	46273	Качалова Н.А.	34860		20058					34860			20058	54918	10000	14970	14970	14970		8	0.0001	0	757.8684	0	0	0	757.8684	494.262	329.508	0	0	54918	0	757.8684	494.262
R270			0.02	0.046		1			#DIV/0!		Юля	37д-451	46184	46185	Шевченко Я.В.	6000							6000			0	6000	6000					0	0	0	0	0	0	0	0	0	0	0	0	0	0	0	0
R271			0.02	0.046		1			#DIV/0!		Юля	37д-452	46184	46189	Голубева М.В.	11300							11300			0	11300	11300					0	0	0	0	0	0	0	0	0	0	0	0	0	0	0	0
R272		0.03	0.02	0.046	1	1	уже обращался	11350	0.7661	Денис	Юля	371д-453	46189	46190	Атманова Т.П.	26850		14816					26850			14816	41666	41665					1	0	0	0	0	0	0	0	0	0	0	0	0	0	0	0
R273		0.03	0.02	0.046	1	1	интернет	17100	0.7215	Денис	Юля	371д-454	46199	46205	Малышев С.М.	7070		23700					7070			23700	30770	10000	20770				0	0	0	0	0	0	0	0	0	0	0	0	0	0	0	0
R274		0.03	0.02	0.046	1	1	интернет	16420	0.7403	Денис	Юля	371д-455	46200	46204	Захарова О.Н.	26630		22181					26630			22181	48811	48810					1	0	0	0	0	0	0	0	0	0	0	0	0	0	0	0
R275		0.03	0.02	0.046	1	1	по рекомендации	18900	0.689	Денис	Юля	371д-456	46200	46204	Захарова О.Н.	2910		27433					2910			27433	30343	25000	5342				1	0	0	0	0	0	0	0	0	0	0	0	0	0	0	0
R276		0.03	0.02	0.046	1	1	мимо проходила	8800	#DIV/0!	Денис	Юля	371д-457	46200	46210	Семенисова С.А.	40900							40900	12960	46204	12960	53860	40900	12960				0	0	0	0	0	0	0	0	0	0	0	0	0	0	0	0
R277		0.03	0.02	0.046	1	1		6300	0.6742	Денис	Юля	371д-458	46211	46230	Смирнова А.В.	13450		9345					13450	1535	46220	10880	24330	22795	1535				0	0	0	0	0	0	0	0	0	0	0	0	0	0	0	0
R278			0.02	0.046		1		6500	0.6842		Юля	37д-459	46211	46216	Ковалёва А.А.	4950		9500					4950			9500	14450	14450					0	0	0	0	0	0	0	0	0	0	0	0	0	0	0	0
R279		0.03	0.02	0.046	1	1	интернет	32000	0.6567	Денис	Юля	371д-460	46217	46228	Петров А.В.	49350		48728					49350	-2000	46231	46728	96078	70000	26078				0	0	0	0	0	0	0	0	0	0	0	0	0	0	0	0
R280		0.03	0.02	0.046	1	1		11800	0.6758	Денис	Юля	371д-461	46217	46231	Волчинский А.М.	29700		17460					29700			17460	47160	47160					0	0	0	0	0	0	0	0	0	0	0	0	0	0	0	0
R281		0.03	0.02	0.046	1	1	интернет	13850	0.7654	Денис	Юля	371д-462	46226	46233	Чудинов К.А.	34710		18095	4582	46226			39292			18095	57387	52805	4582				0	0	0	0	0	0	0	0	0	0	0	0	0	0	0	0
R282		0.03	0.02	0.046	1	1	по рекомендации	13800	0.683	Денис	Юля	371д-463	46228	46233	Грибакова Н.А.	41910		20206					41910			20206	62116	45000	17115				1	0	0	0	0	0	0	0	0	0	0	0	0	0	0	0
R283			0.02	0.046		1		5500	0.6875		Юля	37д-464	46231	31.07.0206	Галкина А.А.	2910		8000					2910			8000	10910	10910					0	0	0	0	0	0	0	0	0	0	0	0	0	0	0	0
R284		0.03	0.02	0.046	1	1	гаружка	6800	0.6733	Денис	Юля	371д-465	46270		Хазова Г.Н.	45890		10100					45890			10100	55990	20000	25000				10990	0.1963	1802.878	0	0	0	0	1802.878	1175.79	783.86	0	55990	0	0	1802.878	1175.79
R285		0.03	0.02	0.046	1	1		20000	0.4874	Денис	Юля	371д-466	46246		Лазарев С.А.	40370		41038					40370			41038	81408	60000	21408				0	0	0	0	0	0	0	0	0	0	0	0	0	0	0	0
R286		0.03	0.02	0.046	1	1	интернет	12300	0.687	Денис	Юля	371д-467	46246	46270	Войткевич А.И.	22685		17905					22685			17905	40590	40890					-300	-0.0074	0	560.142	0	0	0	560.142	365.31	243.54	0	0	40590	0	560.142	365.31
R287		0.03	0.02	0.046	1	1	уже обращался	8700	0.6834	Денис	Юля	371д-468	46246	46263	Антонова Л.Н.	29920		12730					29920			12730	42650	42649					1	0	0	0	0	0	0	0	0	0	0	0	0	0	0	0
R288		0.03	0.02	0.046	1	1		12150	0.6849	Денис	Юля	371д-469	46269		Затулий Е.В.	43500		17740					43500			17740	61240	61240					0	0	1971.928	0	0	0	0	1971.928	1286.04	857.36	0	61240	0	0	1971.928	1286.04
R289		0.03	0.02	0.046	1	1		35600	0.6808	Денис	Юля	371д-440-1	46273	46292	Варганова Г.И.	83330		52288					83330			52288	135618	135617					1	0	4366.8996	1871.5284	0	0	0	6238.428	4068.54	2712.36	1	135618	135618	135618	6238.428	4068.54
R290		0.03	0.02	0.046	1	1			#DIV/0!	Денис	Юля	371д-471	46275	46284	Борхович М.В.	37715		0					37715			0	37715	37715					0	0	1214.423	520.467	0	0	0	1734.89	1131.45	754.3	1	37715	37715	37715	1734.89	1131.45
R291		0.03	0.02	0.046	1	1			#DIV/0!			371д-472											0			0	0						0	#DIV/0!	0	0	0	0	0	0	0	0	0	0	0	0	0	0
R292		0.03	0.02	0.046	1	1		11570	#DIV/0!	Денис	Юля	371д-473		46288	Максфмива Т.В.	57540							57540	2700	46291	2700	60240	57540	2700				0	0	0	794.052	0	0	124.2	918.252	598.86	399.24	0	0	60240	0	918.252	598.86
R293		0.03	0.02	0.046	1	1			#DIV/0!														0			0	0						0	#DIV/0!	0	0	0	0	0	0	0	0	0	0	0	0	0	0
R294		0.03	0.02	0.046	1	1			#DIV/0!														0			0	0						0	#DIV/0!	0	0	0	0	0	0	0	0	0	0	0	0	0	0
R295		0.03	0.02	0.046	1	1			#DIV/0!														0			0	0						0	#DIV/0!	0	0	0	0	0	0	0	0	0	0	0	0	0	0
R296		0.03	0.02	0.046	1	1			#DIV/0!														0			0	0						0	#DIV/0!	0	0	0	0	0	0	0	0	0	0	0	0	0	0
R297		0.03	0.02	0.046	1	1			#DIV/0!														0			0	0						0	#DIV/0!	0	0	0	0	0	0	0	0	0	0	0	0	0	0
R298		0.03	0.02	0.046	1	1			#DIV/0!														0			0	0						0	#DIV/0!	0	0	0	0	0	0	0	0	0	0	0	0	0	0
R299		0.03	0.02	0.046	1	1			#DIV/0!														0			0	0						0	#DIV/0!	0	0	0	0	0	0	0	0	0	0	0	0	0	0
R300		0.03	0.02	0.046	1	1			#DIV/0!														0			0	0						0	#DIV/0!	0	0	0	0	0	0	0	0	0	0	0	0	0	0
R301		0.03	0.02	0.046	1	1			#DIV/0!														0			0	0						0	#DIV/0!	0	0	0	0	0	0	0	0	0	0	0	0	0	0
R302		0.03	0.02	0.046	1	1			#DIV/0!														0			0	0						0	#DIV/0!	0	0	0	0	0	0	0	0	0	0	0	0	0	0
R303		0.03	0.02	0.046	1	1			#DIV/0!														0			0	0						0	#DIV/0!	0	0	0	0	0	0	0	0	0	0	0	0	0	0
R305							потолки																												2	1				1695.5186	1105.773	737.182	1	44075	20022	20022	1695.5186	1105.773
R306		0.03	0.02	0.03	1	1		5500	0.6758	Денис	Юля	371п-120	45308	45317	Корнева Н.А.	10566		8139					10566			8139	18705	13000	5705				0	0	0	0	0	0	0	0	0	0	0	0	0	0	0	0
R307		0.03	0.02	0.03	1	1			#DIV/0!	Денис	Юля	371п-120х	45308		Корнева Н.А.	1456							1456			0	1456	1456					0	0	0	0	0	0	0	0	0	0	0	0	0	0	0	0
R308		0.03	0.02	0.03	1	1	уже обращался	12149	0.6845	Денис	Юля	371п-121	45318	45353	Калужина К.Н.	16440		17749					16440	1060	45325	18809	35249	34189	1060				0	0	0	0	0	0	0	0	0	0	0	0	0	0	0	0
R309		0.03	0.02	0.03	1	1			#DIV/0!	Денис	Юля	371п-121х	45318	45353	Калужина К.Н.	1456			3850	45325			5306			0	5306	1456	3850				0	0	0	0	0	0	0	0	0	0	0	0	0	0	0	0
R310		0.03	0.02	0.03	1	1	по рекомендации подруги	9421	0.6103	Денис	Юля	371п-122	45331	45339	Терещенко Л.Д.	13365		15437					13365	-777	45343	14660	28025	20000	8025				0	0	0	0	0	0	0	0	0	0	0	0	0	0	0	0
R311		0.03	0.02	0.03	1	1			#DIV/0!	Денис	Юля	371п-122х	45331	45339	Терещенко Л.Д.	6477							6477			0	6477	6477					0	0	0	0	0	0	0	0	0	0	0	0	0	0	0	0
R312		0.03	0.02	0.03	1	1	уже обращался	6648	0.8617	Денис	Юля	371п-123	45332	45341	Прокофьева Д.В.	5273		7715					5273			7715	12988	12988					0	0	0	0	0	0	0	0	0	0	0	0	0	0	0	0
R313		0.03	0.02	0.03	1	1	уже обращался		0	Денис	Юля	371п-123-1	45348	45366	Цыпилева И.С.	12881		14076					12881			14076	26957	26957					0	0	0	0	0	0	0	0	0	0	0	0	0	0	0	0
R314		0.03	0.02	0.03	1	1	уже обращался	8428	0.6887	Денис	Юля	371п-124	45349	45357	Забирова Т.А.	7388		12237					7388	1500	45357	13737	21125	14000	5625	1500			0	0	0	0	0	0	0	0	0	0	0	0	0	0	0	0
R315		0.03	0.02	0.03	1	1			#DIV/0!	Денис	Юля	371п-124х	45349	45357	Забирова Т.А.	3735							3735			0	3735	3735					0	0	0	0	0	0	0	0	0	0	0	0	0	0	0	0
R316		0.03	0.02	0.03	1	1	уже обращался	3197	0.6493	Денис	Юля	371п-125	45362	45369	Базелев А.	6230		4924					6230			4924	11154	8000	3154				0	0	0	0	0	0	0	0	0	0	0	0	0	0	0	0
R317		0.03	0.02	0.03	1	1	интернет	6246	0.6283	Денис	Юля	371п-126	45370	45378	Буравицкая Н.В.	7129		9941					7129			9941	17070	17070					0	0	0	0	0	0	0	0	0	0	0	0	0	0	0	0
R318		0.03	0.02	0.03	1	1			#DIV/0!	Денис	Юля	371п-126х	45370	45379	Буравицкая Н.В.	3938							3938			0	3938	3938					0	0	0	0	0	0	0	0	0	0	0	0	0	0	0	0
R319		0.03	0.02	0.03	1	1	мимо проходил	6607	0.7389	Денис	Юля	371п-127	45376	45384	Булдаков С.Н.	10014		8942					10014			8942	18956	18956	-1170				1170	0.0617	0	0	0	0	0	0	0	0	0	0	0	0	0	0
R320		0.03	0.02	0.03	1	1			#DIV/0!	Денис	Юля	371п-127х	45376	45384	Булдаков С.Н.	5610							5610			0	5610	5610					0	0	0	0	0	0	0	0	0	0	0	0	0	0	0	0
R321		0.03	0.02	0.03	1	1	уже обращался	6224	0.6728	Денис	Юля	371п-128	45372	45379	Забирова Т.А.	8900		9251					8900			9251	18151	13000	5151				0	0	0	0	0	0	0	0	0	0	0	0	0	0	0	0
R322		0.03	0.02	0.03	1	1			#DIV/0!	Денис	Юля	371п-128х	45372	45379	Забирова Т.А.	854							854			0	854	854					0	0	0	0	0	0	0	0	0	0	0	0	0	0	0	0
R323		0.03	0.02	0.03	1	1	по рекомендации	5073	0.59	Денис	Юля	371п-129	45379	45391	Черныш С.П.	5920		8598					5920			8598	14518	10200	4318				0	0	0	0	0	0	0	0	0	0	0	0	0	0	0	0
R324		0.03	0.02	0.03	1	1			#DIV/0!	Денис	Юля	371п-129х	45379	45391	Черныш С.П.	3982							3982			0	3982	3982					0	0	0	0	0	0	0	0	0	0	0	0	0	0	0	0
R325		0.03	0.02	0.03	1	1	наружка		0	Денис	Юля	371п-130	45380	45390	Зырянова М.Ю.	5856		8163					5856			8163	14019	14019					0	0	0	0	0	0	0	0	0	0	0	0	0	0	0	0
R326		0.03	0.02	0.03	1	1			#DIV/0!	Денис	Юля	371п-130х	45380	45390	Зырянова М.Ю.	2981							2981			0	2981	2981					0	0	0	0	0	0	0	0	0	0	0	0	0	0	0	0
R327		0.03	0.02	0.03	1	1		8220	0.8071	Денис	Юля	371п-131	45388	45395	Прокофьева Д.В.	7824		10185	1800	45391			9624	500	45395	10685	20309	500	1800	18009			0	0	0	0	0	0	0	0	0	0	0	0	0	0	0	0
R328		0.03	0.02	0.03	1	1				Денис	Юля	371п-131х	45388	45395	Прокофьева Д.В.	1456							1456			0	1456	1456					0	0	0	0	0	0	0	0	0	0	0	0	0	0	0	0
R329		0.03	0.02	0.03	1	1	уже обращался	3472	0.6122	Денис	Юля	371п-132	45388	45393	Пшенина Н.В.	5456		5671					5456			5671	11127	8000	3127				0	0	0	0	0	0	0	0	0	0	0	0	0	0	0	0
R330		0.03	0.02	0.03	1	1				Денис	Юля	371п-132х	45388	45393	Пшенина Н.В.	1386							1386			0	1386	1386					0	0	0	0	0	0	0	0	0	0	0	0	0	0	0	0
R331		0.03	0.02	0.03	1	1		2344	0.6084	Денис	Юля	371п-133	45391	45395	Прокофьева Д.В.	3277		3853					3277			3853	7130	7130					0	0	0	0	0	0	0	0	0	0	0	0	0	0	0	0
R332		0.03	0.02	0.03	1	1			#DIV/0!			371п-133х	45395	45395	Прокофьева Д.В.	1157			-1157	45395			0			0	0	-1157	1157				0	#DIV/0!	0	0	0	0	0	0	0	0	0	0	0	0	0	0
R333		0.03	0.02	0.03	1	1	уже обращался	6444	0.5837	Денис	Юля	371п-134	45412	45428	Черныш С.П.	7705		11040					7705			11040	18745	18745					0	0	0	0	0	0	0	0	0	0	0	0	0	0	0	0
R334		0.03	0.02	0.03	1	1			#DIV/0!	Денис	Юля	371п-134х	45412	45428	Черныш С.П.	4316							4316			0	4316	4316					0	0	0	0	0	0	0	0	0	0	0	0	0	0	0	0
R335		0.03	0.02	0.03	1	1			#DIV/0!			371п-135											0			0	0						0	#DIV/0!	0	0	0	0	0	0	0	0	0	0	0	0	0	0
R336		0.03	0.02	0.03	1	1	наружка	7102	0.6103	Денис	Юля	371п-136	45416	45430	Забалуева Н.М.	10718		11636					10718			11636	22354	22354					0	0	0	0	0	0	0	0	0	0	0	0	0	0	0	0
R337		0.03	0.02	0.03	1	1	уже обращался	2766	0.6761	Денис	Юля	371п-137	45416	45427	Кононова Е.А.	3698		4091					3698			4091	7789	7789					0	0	0	0	0	0	0	0	0	0	0	0	0	0	0	0
R338		0.03	0.02	0.03	1	1	проходила мимо	2605	0.63	Денис	Юля	371п-138	45419	45432	Леонова М.В.	4544		4135					4544			4135	8679	8679					0	0	0	0	0	0	0	0	0	0	0	0	0	0	0	0
R339		0.03	0.02	0.03	1	1	уже обращался	7577	0.6183	Денис	Юля	371п-139	45426		Караваева Е.В.	10990		12254					10990			12254	23244	17000					6244	0.2686	0	0	0	0	0	0	0	0	0	0	0	0	0	0
R340		0.03	0.02	0.03	1	1			#DIV/0!	Денис	Юля	371п-139х	45426		Караваева Е.В.	4965							4965			0	4965	4965					0	0	0	0	0	0	0	0	0	0	0	0	0	0	0	0
R341		0.03	0.02	0.03	1	1	по рекомендации	12450	0.623	Денис	Юля	371п-140	45429	45531	петрова Н.М.	18871		19985					18871			19985	38856	38856					0	0	0	0	0	0	0	0	0	0	0	0	0	0	0	0
R342		0.03	0.02	0.03	1	1			#DIV/0!	Денис	Юля	371п-140х	45429	45531	петрова Н.М.	10604							10604			0	10604	10604					0	0	0	0	0	0	0	0	0	0	0	0	0	0	0	0
R343		0.03	0.02	0.03	1	1	уже обращался	7676	0.611	Денис	Юля	371п-141	45429	45436	Буравицкая Н.В.	6146		12563					6146			12563	18709	18709					0	0	0	0	0	0	0	0	0	0	0	0	0	0	0	0
R344		0.03	0.02	0.03	1	1			#DIV/0!	Денис	Юля	371п-141х	45429		Буравицкая Н.В.	4343							4343			0	4343	4343					0	0	0	0	0	0	0	0	0	0	0	0	0	0	0	0
R345		0.03	0.02	0.03	1	1	наружка 	6571	0.66	Денис	Юля	371п-142	45437	45447	Смирнова И.К.	7519		9956					7519			9956	17475	17475					0	0	0	0	0	0	0	0	0	0	0	0	0	0	0	0
R346		0.03	0.02	0.03	1	1			#DIV/0!	Денис	Юля	371п-142х	45437		Смирнова И.К.	2552							2552			0	2552	2552					0	0	0	0	0	0	0	0	0	0	0	0	0	0	0	0
R347		0.03	0.02	0.03	1	1	уже обращался	12143	0.5775	Денис	Юля	371п-143	45448	45445	Афонькина Л.С.	11394		21026					11394			21026	32420	12420	20000				0	0	0	0	0	0	0	0	0	0	0	0	0	0	0	0
R348		0.03	0.02	0.03	1	1	уже обращался	5908	0.6659	Денис	Юля	371п-144	45475	45488	Ширяева И.А.	11826		8872					11826			8872	20698	20698					0	0	0	0	0	0	0	0	0	0	0	0	0	0	0	0
R349		0.03	0.02	0.03	4	1	уже обращался	5430	0.6419	Денис П	Юля	374п-145	45495	45503	Коршунова О.Г.	7742		8459					7742			8459	16201	10000	6201				0	0	0	0	0	0	0	0	0	0	0	0	0	0	0	0
R350		0.03	0.02	0.03	1	1	уже обращался	6740	0.6234	Денис	Юля	371п-146	45512	45530	Нахимова М.В.	9479		10811					9479			10811	20290	20290					0	0	0	0	0	0	0	0	0	0	0	0	0	0	0	0
R351		0.03	0.02	0.03	1	1			#DIV/0!	Денис	Юля	371п-146х	45513	45530	Нахимова М.В.	8232							8232			0	8232	8232					0	0	0	0	0	0	0	0	0	0	0	0	0	0	0	0
R352		0.03	0.02	0.03	1	1		3375	0.9868	Денис	Юля	371п-147	45514	45531	Петрова Н.М.	3368		3420					3368	2400		5820	9188	2400	6788				0	0	0	0	0	0	0	0	0	0	0	0	0	0	0	0
R353		0.03	0.02	0.03	1	1			#DIV/0!	Денис	Юля	371п-147х	45514	45531	Петрова Н.М.	1276							1276			0	1276	1276					0	0	0	0	0	0	0	0	0	0	0	0	0	0	0	0
R354		0.03	0.02	0.03	1	1		5930	0.5532	Денис	Юля	371п-148	45545	45545	Гридин Е.Ю.	10112	3190	10719					10112	910	45545	11629	24931	910	20831	3190			0	0	0	0	0	0	0	0	0	0	0	0	0	0	0	0
R355		0.03	0.02	0.03	1	1	уже обращался	1803	0.6439	Денис	Юля	371п-149	45547	45551	Леонова Л.В.	3252		2800					3252			2800	6052	6052					0	0	0	0	0	0	0	0	0	0	0	0	0	0	0	0
R356		0.03	0.02	0.03	1	1	уже обращался	3264	0.5539	Денис	Юля	371п-150	45558	45580	Шишкин А.В.	6914		5893					6914			5893	12807	12807					0	0	0	0	0	0	0	0	0	0	0	0	0	0	0	0
R357		0.03	0.02	0.03	1	1	по рекомендации	1500	0.7426	Денис	Юля	371п-151	45560	45563	Смирнова Д.П.	3576		2020					3576			2020	5596	5596					0	0	0	0	0	0	0	0	0	0	0	0	0	0	0	0
R358		0.03	0.02	0.03	1	1		4080	0.4982	Денис	Юля	371п-152	45581	45639	Рыков А.Н.	4825		8189	-1040	45586			3785			8189	11974	13014	-1040				0	0	0	0	0	0	0	0	0	0	0	0	0	0	0	0
R359		0.03	0.02	0.03	1	1	уже обращался	14313	0.5362	Денис	Юля	371п-153	45582	45601	Борисова И.А.	17319	6534	26693					17319			26693	50546	44012	6534				0	0	0	0	0	0	0	0	0	0	0	0	0	0	0	0
R360		0.03	0.02	0.03	1	1		5006	0.61	Денис	Юля	371п-154	45593		Кулакова О.Б.	6415	1595	8206					6415			8206	16216	1595	11000	3621			0	0	0	0	0	0	0	0	0	0	0	0	0	0	0	0
R361		0.03	0.02	0.03	1	1		8320	0.5241	Денис	Юля	371п-155	45593	45604	Черенкова И.В.	10221	1427	15876					10221			15876	27524	1427	23573	2524			0	0	0	0	0	0	0	0	0	0	0	0	0	0	0	0
R362		0.03	0.02	0.03	1	1	уже обращался	7800	0.6554		Юля	371п-156	45611	45619	Перевозникова С.С.	9653	3410	11902					9653			11902	24965	21237	3410				318	0.0127	0	0	0	0	0	0	0	0	0	0	0	0	0	0
R363		0.03	0.02	0.03	1	1	уже обращался	14205	0.6537		Юля	371п-157	45612	45626	Прокофьева Д.В.	13528		21731					13528			21731	35259	35259					0	0	0	0	0	0	0	0	0	0	0	0	0	0	0	0
R364		0.03	0.02	0.03	1	1	уже обращался	4680	0.8548		Юля	371п-158	45614	45616	Грибакова Н.А.	6355	957	5475					6355			5475	12787	957	11830				0	0	0	0	0	0	0	0	0	0	0	0	0	0	0	0
R365		0.03	0.02	0.03	1	1	уже обращался	4910	0.6687	Денис	Юля	371п-159	45623	45628	Балмасова О.Е.	5171		7343					5171			7343	12514	12514					0	0	0	0	0	0	0	0	0	0	0	0	0	0	0	0
R366		0.03	0.02	0.03	1	1	знакомая	7036	0.5605	Денис	Юля	371п-160	45635	45646	Косолапенко О.М.	13285		12553					13285			12553	25838	20000	5838				0	0	0	0	0	0	0	0	0	0	0	0	0	0	0	0
R367		0.03	0.02	0.03	1	1		5276	0.6016	Денис	Юля	371п-161	45639	45646	Гвоздовский И.В.	11269	2233	8770					11269			8770	22272	7272	12767	2233			0	0	0	0	0	0	0	0	0	0	0	0	0	0	0	0
R368		0.03	0.02	0.03	1	1	уже обращался	4721	0.5954	Денис	Юля	371п-162	45639	45646	Рыженкова Т.А.	9192		7929					9192			7929	17121	17121					0	0	0	0	0	0	0	0	0	0	0	0	0	0	0	0
R369		0.03	0.02	0.03	1	1	уже обращался	6700	0.7264	Денис	Юля	371п-163	45643	45652	Зайчёсов Н.А.	9546		9223					9546			9223	18769	18769					0	0	0	0	0	0	0	0	0	0	0	0	0	0	0	0
R370		0.03	0.02	0.03	1	1	проходила мимо	32950	1.1344	Денис	Юля	371п-164	45645	45673	Белов В.А.	58781	37719	29047			-1815	45674	56966			29047	123732	37719	87828	-1815			0	0	0	0	0	0	0	0	0	0	0	0	0	0	0	0
R371		0.03	0.02	0.03	1	1		6400	0.7185	Денис	Юля	371п-165	45647	45654	Цепилёв С.В.	4925		8907					4925			8907	13832	13832					0	0	0	0	0	0	0	0	0	0	0	0	0	0	0	0
R372		0.03	0.02	0.03	1	1		8200	0.6994	Денис	Юля	371п-166	45651	45653	Рыженкова Т.А.	3290		11724					3290			11724	15014	15014					0	0	0	0	0	0	0	0	0	0	0	0	0	0	0	0
R373		0.03	0.02	0.05	1	1	подруга	5700	0.5915	Денис	Юля	371п-167	45696	45696	Заводская Е.П.	5136		9637					5136	-560	45696	9077	14213	-560	14773				0	0	0	0	0	0	0	0	0	0	0	0	0	0	0	0
R374		0.03	0.02	0.05	1	1	уже обращался	4810	0.5884	Денис	Юля	371п-168	45703	45703	Славнику Н.В.	3592	1276	8175					3592			8175	13043	1276	11767				0	0	0	0	0	0	0	0	0	0	0	0	0	0	0	0
R375		0.03	0.02	0.05	1	1		21300	0.5452	Денис	Юля	371п-169	45731	45980	Грядунова А.Г.	27639	1522	39068					27639			39068	68229	47000	1522	19707			0	0	0	0	0	0	0	0	0	0	0	0	0	0	0	0
R376		0.03	0.02	0.05	1	1		12440	0.5648	Денис	Юля	371п-170	45734	45755	Мороз Л.В.	20970	1815	22026					20970			22026	44811	1815	31000	11996			0	0	0	0	0	0	0	0	0	0	0	0	0	0	0	0
R377		0.03	0.02	0.05	1	1	уже обращался	8300	0.6227	Денис	Юля	371п-171	45734	45745	Фоменко Т.Г.	15476		13330					15476			13330	28806	28806					0	0	0	0	0	0	0	0	0	0	0	0	0	0	0	0
R378		0.03	0.02	0.05	1	1	мимо проходила	4350	0.6441	Денис	Юля	371п-172	45735	45738	Воеводина С.А.	6368		6754					6368			6754	13122	13122					0	0	0	0	0	0	0	0	0	0	0	0	0	0	0	0
R379		0.03	0.02	0.05	1	1	интернет	3970	0.5985	Денис	Юля	371п-173	45741	45744	Тюрина С.Н.	4576		6633					4576			6633	11209	11209					0	0	0	0	0	0	0	0	0	0	0	0	0	0	0	0
R380		0.03	0.02	0.05	1	1	уже обращался	4100	0.6165	Денис	Юля	371п-174	45749	45752	Зимарева О.В.	4692		6650					4692			6650	11342	11342					0	0	0	0	0	0	0	0	0	0	0	0	0	0	0	0
R381		0.03	0.02	0.05	1	1		4700	0.691	Денис	Юля	371п-175	45763	45763	Зимарева О.В.	3611		6802					3611			6802	10413	10413					0	0	0	0	0	0	0	0	0	0	0	0	0	0	0	0
R382		0.03	0.02	0.05	1	1		4100	0.7067	Денис	Юля	371п-176	45759	45763	Смирнова И.К.	6823	957	5802					6823			5802	13582	957	12625				0	0	0	0	0	0	0	0	0	0	0	0	0	0	0	0
R383		0.03	0.02	0.05	1	1	уже обращался	8300	0.5905	Денис	Юля	371п-177	45764	45771	Искакова И.В.	6994	1595	14055					6994			14055	22644	1595	21049				0	0	0	0	0	0	0	0	0	0	0	0	0	0	0	0
R384		0.03	0.02	0.05	1	1	по рекомендации	5950	0.5634	Денис	Юля	371п-178	45766	45773	Амахина Е.Ю.	3327		10560					3327			10560	13887	13887					0	0	0	0	0	0	0	0	0	0	0	0	0	0	0	0
R385		0.03	0.02	0.05	1	1	уже обращался	3500	0.7955	Денис	Юля	371п-179	45770	45773	Волощенко П.Г.	3440		4400					3440			4400	7840	7840					0	0	0	0	0	0	0	0	0	0	0	0	0	0	0	0
R386		0.03	0.02	0.05	1	1		7400	0.4978		Юля	371п-180	45780	45785	Сорокина Н.К.	10672	2673	14864					10672			14864	28209	2673	10536	15000			0	0	0	0	0	0	0	0	0	0	0	0	0	0	0	0
R387		0.03	0.02	0.05	1	1		15960	0.6168	Денис	Юля	371п-181	45794	45830	Мамонова М.Г.	19905	3190	25874	3600	45796			23505	-1050	45798	24824	51519	12729	3600	3190	32000		0	0	0	0	0	0	0	0	0	0	0	0	0	0	0	0
R388		0.03	0.02	0.05	1	1	интернет	9400	0.7627	Денис	Юля	371п-182	45828	45857	Лепешкова Н.В.	9187		12325					9187			12325	21512	15000	6512				0	0	0	0	0	0	0	0	0	0	0	0	0	0	0	0
R389		0.03	0.02	0.05	1	1	уже обращался		0			371п-183		расторжение	Прокофьева Д.В.	9121	1456	17608					9121			17608	28185	1456	26729	-1456	-26729		28185	1	0	0	0	0	0	0	0	0	0	0	0	0	0	0
R390		0.03	0.02	0.05	1	1			#DIV/0!	Денис	Юля	371п-183	45869		Иголкина В.Н.	22886							22886			0	22886	22886					0	0	0	0	0	0	0	0	0	0	0	0	0	0	0	0
R391		0.03	0.02	0.05	1	1	уже обращался	37200	0.5862	Денис	Юля	371п-184	45866	45870	Фомина Н.В.	15922	40520	63455	1056	45871			16978			63455	120953	40520	59480	16997	3576		380	0.0031	0	0	0	0	0	0	0	0	0	0	0	0	0	0
R392		0.03	0.02	0.05	1	1	мимо проходила	9100	0.6562		Юля	371п-185	45873	45873	Иголкина В.Н.	9018		13868					9018			13868	22886	22886					0	0	0	0	0	0	0	0	0	0	0	0	0	0	0	0
R393		0.03	0.02	0.05	1	1	мимо проходила	2970	0.7714		Юля	371п-186	45876	45870	Дубкова И.Н.	3327		3850					3327			3850	7177	7177					0	0	0	0	0	0	0	0	0	0	0	0	0	0	0	0
R394		0.03	0.02	0.05	1	1		2300	0.6686		Юля	371п-187	45877	45885	Анфёров Р.В.	4768		3440					4768			3440	8208	8208					0	0	0	0	0	0	0	0	0	0	0	0	0	0	0	0
R395		0.03	0.02	0.05	1	1		6350	0.7159		Юля	371п-188	45878	45894	Прилепская Н.П.	8839	1276	8870					8839			8870	18985	17709	1276				0	0	0	0	0	0	0	0	0	0	0	0	0	0	0	0
R396		0.03	0.02	0.05	1	1	по рекомендации	14000	0.5141	Денис	Юля	371п-189	45910	45917	Волкова А.А.	17583	11080	27230					17583			27230	55893	11080	32000	12813			0	0	0	0	0	0	0	0	0	0	0	0	0	0	0	0
R397		0.03	0.02	0.05	1	1	уже обращался	15500	0.5737	Денис	Юля	371п-190	45911	45918	Потапенков А.Д.	15215	4565	27019					15215			27019	46799	4565	42234				0	0	0	0	0	0	0	0	0	0	0	0	0	0	0	0
R398		0.03	0.02	0.05	1	1	уже обращался	20200	0.5454	Денис	Юля	371п-191	45919	45924	Волкова А.А.	20587	6709	37038					20587			37038	64334	6709	40000	17625			0	0	0	0	0	0	0	0	0	0	0	0	0	0	0	0
R399		0.03	0.02	0.05	1	1	уже обращался	7200	0.5161	Денис	Юля	371п-192	45919	45927	Скрипник Н.Ю.	8167	4367	13952					8167			13952	26486	4367	16000	6119			0	0	0	0	0	0	0	0	0	0	0	0	0	0	0	0
R400		0.03	0.02	0.05	1	1		10400	0.5659	Денис	Юля	371п-193	45926	46006	Афонькина Л.С.	15998	4486	18377					15998			18377	38861	4375	4486	10000	10000	10000	0	0	0	0	0	0	0	0	0	0	0	0	0	0	0	0
R401		0.03	0.02	0.05	1	1		4200	0.5443	Денис	Юля	371п-194	45930	45940	Клопот Н.Г.	10930		7717					10930			7717	18647	11000	7647				0	0	0	0	0	0	0	0	0	0	0	0	0	0	0	0
R402		0.03	0.02	0.05	1	1	уже обращался	29300	0.3857	Денис	Юля	371п-195	45933	45953	Атманова Т.П.	21609	6879	75974					21609			75974	104462	6879	97583				0	0	0	0	0	0	0	0	0	0	0	0	0	0	0	0
R403		0.03	0.02	0.05	1	1	уже обращался	6900	0.4896	Денис	Юля	371п-196	45937	45939	Бойко С.С.	12321		14092					12321			14092	26413	26413					0	0	0	0	0	0	0	0	0	0	0	0	0	0	0	0
R404		0.03	0.02	0.05	1	1		29100	0.5028	Денис	Юля	371п-197	45940	45965	Фомина Н.В.	38483	29013	57879					38483	3546	45954	61425	128921	50987	29013	3546	45375		0	0	0	0	0	0	0	0	0	0	0	0	0	0	0	0
R405		0.03	0.02	0.05	1	1	интернет	4600	0.5759	Денис	Юля	371п-198	45938	45941	Устиненков В.Н.	6414		7988					6414			7988	14402	14402					0	0	0	0	0	0	0	0	0	0	0	0	0	0	0	0
R406		0.03	0.02	0.05	1	1	знакомые	5400	0.4561	Денис	Юля	371п-199	45947	45951	Кашин К.К.	9871	1500	11840					9871			11840	23211	1500	21711				0	0	0	0	0	0	0	0	0	0	0	0	0	0	0	0
R407		0.03	0.02	0.05	1	1	уже обращался	9300	0.5527	Олег	Юля	371п-200	45953	45957	Черныш С.П.	7989	2030	16825					7989			16825	26844	2030	18000	6814			0	0	0	0	0	0	0	0	0	0	0	0	0	0	0	0
R408		0.03	0.02	0.05	1	1	мимо проходил	6540	1.5298	Денис	Юля	371п-201	45968	45973	Аркаева Г.В.	3489	406	4275					3489			4275	8170	406	7764				0	0	0	0	0	0	0	0	0	0	0	0	0	0	0	0
R409		0.03	0.02	0.05	1	1	интернет	6900	0.6149	Денис	Юля	371п-202	45972	45975	Гаджиева С.В.	13085	1755	11221					13085			11221	26061	1755	17000	7306			0	0	0	0	0	0	0	0	0	0	0	0	0	0	0	0
R410		0.03	0.02	0.05	1	1	вместе работаем	9000	0.5931	Денис	Юля	371п-203	45974	45981	Пузырёва Н.П.	7600	2436	15175					7600	-1000	45982	14175	24211	4211	2436	17564			0	0	0	0	0	0	0	0	0	0	0	0	0	0	0	0
R411		0.03	0.02	0.05	1	1		5600	0.4676	Денис	Юля	371п-204	45974	45979	Большакова Л.П.	3902	1624	11976					3902			11976	17502	4378	1624	11500			0	0	0	0	0	0	0	0	0	0	0	0	0	0	0	0
R412		0.03	0.02	0.05	1	1	интернет	8900	0.5561		Юля	371п-205	45992	45997	Шилова Е.В.	14720		16003					14720			16003	30723	30723					0	0	0	0	0	0	0	0	0	0	0	0	0	0	0	0
R413		0.03	0.02	0.05	1	1	интернет	15500	0.4618		Юля	371п-206	45997	46001	Трофимов К.В.	30279	9274	33567					30279			33567	73120	9274	63846				0	0	0	0	0	0	0	0	0	0	0	0	0	0	0	0
R414		0.03	0.02	0.05	1	1		20800	0.5082		Юля	371п-207	46008	46014	Чумовицкая А.П.	35609	12038	40925					35609			40925	88572	12038	57000	21534			-2000	-0.0226	0	0	0	0	0	0	0	0	0	0	0	0	0	0
R415		0.03	0.02	0.046	1	1	уже обращался	12330	0.6149	Денис	Юля	371п-208	46021	46035	Ахметзинова Е.Ю.	15185		20052					15185			20052	35237	35237					0	0	0	0	0	0	0	0	0	0	0	0	0	0	0	0
R416		0.03	0.02	0.05	1	1		4500	0.6326		Юля	371п-209	46021	46020	Пузырёва Н.П.	790		7113					790			7113	7903	7903					0	0	0	0	0	0	0	0	0	0	0	0	0	0	0	0
R417		0.03	0.02	0.05	1	1	уже обращался		0		Юля	371п-210	46014		Сусленкова Н.Ю.	11818		11846					11818			11846	23664	23664					0	0	0	0	0	0	0	0	0	0	0	0	0	0	0	0
R418		0.03	0.02	0.05	1	1		5000	0.6138		Юля	371п-211	46015	46021	Зимарева О.В.	10895		8146					10895			8146	19041	19041					0	0	0	0	0	0	0	0	0	0	0	0	0	0	0	0
R419		0.03	0.02	0.05	1	1	уже обращался	3500	0.6409		Юля	371п-212	46014	46018	Бушманов В.А.	4991		5461					4991			5461	10452	10452					0	0	0	0	0	0	0	0	0	0	0	0	0	0	0	0
R420		0.03	0.02	0.046	1	1	интернет	3500	0.6576	Денис	Юля	371п-213	46038	46084	Беляйцев Д.Л.	7248	1008	5322					7248			5322	13578	9000	1008	3570			0	0	0	0	0	0	0	0	0	0	0	0	0	0	0	0
R421		0.03	0.02	0.046	1	1		24600	0.5502	Денис	Юля	371п-214	46039	45686	Тинченко Е.В.	31379	5196	44707	9714	46045			41093			44707	90996	5196	76086	9714			0	0	0	0	0	0	0	0	0	0	0	0	0	0	0	0
R422		0.03	0.02	0.046	1	1		13250	0.5286	Денис	Юля	371п-215	46046	46070	Ольшанская М.А.	18861	10241	25068					18861			25068	54170	43929	10241				0	0	0	0	0	0	0	0	0	0	0	0	0	0	0	0
R423		0.03	0.02	0.046	1	1	уже обращался	5500	0.6976	Денис	Юля	371п-216	46049	46056	Волощенко П.Г.	5628	1410	7884					5628			7884	14922	13512	1410				0	0	0	0	0	0	0	0	0	0	0	0	0	0	0	0
R424		0.03	0.02	0.046	1	1		11600	0.4871	Денис	Юля	371п-217	46070	46109	Шаров Д.Г.	12082	9490	23813	-2940	46112			9142			23813	42445	35895	9490	-2940			0	0	0	0	0	0	0	0	0	0	0	0	0	0	0	0
R425		0.03	0.02	0.046	1	1		4500	0.5898	Денис	Юля	371п-218	46079	46093	Тюрина С.Н.	9744	1420	7630					9744			7630	18794	17374	1420				0	0	0	0	0	0	0	0	0	0	0	0	0	0	0	0
R426		0.03	0.02	0.046	1	1	уже обращался	9900	0.4984	Денис	Юля	371п-219	46081	46086	Фофанов Ю.Г.	14310	6538	19865					14310			19865	40713	34175	6538				0	0	0	0	0	0	0	0	0	0	0	0	0	0	0	0
R427		0.03	0.02	0.046	1	1		3845	0.597	Денис	Юля	371п-220	46098	46093	Антонова О.П.	3702		6440					3702			6440	10142	10142					0	0	0	0	0	0	0	0	0	0	0	0	0	0	0	0
R428		0.03	0.02	0.046	1	1			0	Денис	Юля	371п-221	46102	46106	смирнова И.К.	8751	1218	9264					8751			9264	19233	13782	1218	4233			0	0	0	0	0	0	0	0	0	0	0	0	0	0	0	0
R429		0.03	0.02	0.046	1	1		20393	0.5619	Денис	Юля	371п-221	46129	46137	Сорокина З.В.	38808	8028	36296					38808			36296	83132	8028	75104				0	0	0	0	0	0	0	0	0	0	0	0	0	0	0	0
R430		0.03	0.02	0.046	1	1		10102	0.5679	Денис	Юля	371п-203	46115	46119	Фофанов Ю.Г.	11758		17788					11758			17788	29546	29546					0	0	0	0	0	0	0	0	0	0	0	0	0	0	0	0
R431		0.03	0.02	0.046	1	1		12790	0.5285	Денис	Юля	371п-222	46135	46139	Руденко Е.М.	13776	3090	24200					13776			24200	41066	37976	3090				0	0	0	0	0	0	0	0	0	0	0	0	0	0	0	0
R432		0.03	0.02	0.046	1	1		10087	0.6216	Денис	Юля	371п-223	46147	46156	Ежов А.В.	13396	3786	16227					13396			16227	33409	3786	29623				0	0	0	0	0	0	0	0	0	0	0	0	0	0	0	0
R433		0.03	0.02	0.046	1	1	мимо проходила	5836	0.6427	Денис	Юля	371п-224	45418	46145	Ефременкова Е.Е.	6624		9080					6624			9080	15704	15704					0	0	0	0	0	0	0	0	0	0	0	0	0	0	0	0
R434		0.03	0.02	0.046	1	1		4739	0.6205	Денис	Юля	371п-225	46154	46161	Подганец О.И.	10442		7637					10442			7637	18079	18079					0	0	0	0	0	0	0	0	0	0	0	0	0	0	0	0
R435		0.03	0.02	0.046	1	1	по рекомендации	5711	0.621	Денис	Юля	371п-226	46162	46162	Хворостинина Т.А.	8217		9196					8217			9196	17413	17413					0	0	0	0	0	0	0	0	0	0	0	0	0	0	0	0
R436		0.03	0.02	0.046	1	1	уже обращался	7955	0.6946	Денис	Юля	371п-227	46164	46171	Лагутина В.В.	9032	600	11453					9032			11453	21085	20485	600				0	0	0	0	0	0	0	0	0	0	0	0	0	0	0	0
R437		0.03	0.02	0.046	1	1	уже обращался		0	Денис	Юля	371п-228	46189	46192	Ефимов А.В.	17314	4060	15503					17314			15503	36877	4060	32817				0	0	0	0	0	0	0	0	0	0	0	0	0	0	0	0
R438		0.03	0.02	0.046	1	1	уже обращался	5771	0.5931	Денис	Юля	371п-229	46214	46218	Фролов Д.А.	9723		9731					9723			9731	19454	19454					0	0	0	0	0	0	0	0	0	0	0	0	0	0	0	0
R439		0.03	0.02	0.046	1	1		11889	0.5339	Денис	Юля	371п-230	46224	46233	Голубчикова С.И.	14063	13806	22270					14063			22270	50139	36333	13806				0	0	0	0	0	0	0	0	0	0	0	0	0	0	0	0
R440		0.03	0.02	0.046	1	1	уже обращался	6761	0.5647	Денис	Юля	371п-231	46234		Разумова В.В.	9765	2184	11972					9765			11972	23921	15000	6737	2184			0	0	0	0	0	0	0	0	0	0	0	0	0	0	0	0
R441		0.03	0.02	0.046	1	1	уже обращался		0	Денис	Юля	371п-232	46241	46246	Варганова Г.И.	45075	40286	53341					45075			53341	138702	92416	6000	40286			0	0	0	0	0	0	0	0	0	0	0	0	0	0	0	0
R442		0.03	0.02	0.046	1	1		4556	0.6046	Денис	Юля	371п-233	46236	46260	Лазарев С.А.	9291	2548	7535					9291			7535	19374	2548	16826				0	0	0	0	0	0	0	0	0	0	0	0	0	0	0	0
R443		0.03	0.02	0.046	1	1		7334	0.5898	Денис	Юля	371п-234	46283	46295	Фанасюк В.И.	7588		12434					7588			12434	20022	20023					-1	0	644.7084	276.3036	0	0	0	921.012	600.66	400.44	1	20022	20022	20022	921.012	600.66
R444		0.03	0.02	0.046	1	1			0	Денис	Юля	371п-235	46295		Астапов Д.И.	14589		9464					14589			9464	24053	24053					0	0	774.5066	0	0	0	0	774.5066	505.113	336.742	0	24053	0	0	774.5066	505.113
R445		0.03	0.02	0.046	1	1			#DIV/0!														0			0	0						0	#DIV/0!	0	0	0	0	0	0	0	0	0	0	0	0	0	0
R446		0.03	0.02	0.046	1	1			#DIV/0!														0			0	0						0	#DIV/0!	0	0	0	0	0	0	0	0	0	0	0	0	0	0
R447		0.03	0.02	0.046	1	1			#DIV/0!														0			0	0						0	#DIV/0!	0	0	0	0	0	0	0	0	0	0	0	0	0	0
R448		0.03	0.02	0.046	1	1			#DIV/0!														0			0	0						0	#DIV/0!	0	0	0	0	0	0	0	0	0	0	0	0	0	0
R449		0.03	0.02	0.046	1	1			#DIV/0!														0			0	0						0	#DIV/0!	0	0	0	0	0	0	0	0	0	0	0	0	0	0
R450		0.03	0.02	0.046	1	1			#DIV/0!														0			0	0						0	#DIV/0!	0	0	0	0	0	0	0	0	0	0	0	0	0	0
R451		0.03	0.02	0.046	1	1			#DIV/0!														0			0	0						0	#DIV/0!	0	0	0	0	0	0	0	0	0	0	0	0	0	0
R452		0.03	0.02	0.046	1	1			#DIV/0!														0			0	0						0	#DIV/0!	0	0	0	0	0	0	0	0	0	0	0	0	0	0
R453		0.03	0.02	0.046	1	1			#DIV/0!														0			0	0						0	#DIV/0!	0	0	0	0	0	0	0	0	0	0	0	0	0	0
R454		0.03	0.02	0.046	1	1			#DIV/0!														0			0	0						0	#DIV/0!	0	0	0	0	0	0	0	0	0	0	0	0	0	0
R455		0.03	0.02	0.046	1	1			#DIV/0!														0			0	0						0	#DIV/0!	0	0	0	0	0	0	0	0	0	0	0	0	0	0
R456		0.03	0.02	0.046	1	1			#DIV/0!														0			0	0						0	#DIV/0!	0	0	0	0	0	0	0	0	0	0	0	0	0	0
R457		0.03	0.02	0.046	1	1			#DIV/0!														0			0	0						0	#DIV/0!	0	0	0	0	0	0	0	0	0	0	0	0	0	0
R459							окна																												6	1				26561.6972	17322.846	8661.423	1	715610	261500	264284	26561.6972	17322.846
R460		0.03	0.015	0.03	1	1	по рекомендации	3700	0.7375	Денис	Юля	371-62	45328	45342	Доманова И.В.	21849		5017					21849			5017	26866	26866					0	0	0	0	0	0	0	0	0	0	0	0	0	0	0	0
R461		0.03	0.015	0.03	1	1	интернет, уже обращался	6844	0.7578	Денис	Юля	371-63	45343	45357	Бердник И.Б.	19480		9032					19480			9032	28512	28512					0	0	0	0	0	0	0	0	0	0	0	0	0	0	0	0
R462		0.03	0.015	0.03	1	1	уже обращался	2635	0.7362	Денис	Юля	371-64	45348	05.03.0202	Кораваева Е.В.	4523		3579					4523			3579	8102	8102					0	0	0	0	0	0	0	0	0	0	0	0	0	0	0	0
R463		0.03	0.015	0.03	1	1	уже обращался	9398	0.7543	Денис	Юля	371-65	45350	45364	Бобкова В.И.	43593		12460					43593			12460	56053	56053					0	0	0	0	0	0	0	0	0	0	0	0	0	0	0	0
R464		0.03	0.015	0.03	1	1	другое	3820	0.7462	Денис	Юля	371-66	45357	45365	Гардиенко К.В.	32000		5119					32000			5119	37119	27000	10119				0	0	0	0	0	0	0	0	0	0	0	0	0	0	0	0
R465		0.03	0.015	0.03	1	1	уже обращался	9070	0.7297	Денис	Юля	371-67	45363	45371	Заборщикова А.С.	44000		12430	-600	45370			43400			12430	55830	40000	15830				0	0	0	0	0	0	0	0	0	0	0	0	0	0	0	0
R466		0.03	0.015	0.03	1	1			#DIV/0!	Денис	Юля	371-68	45376	45384	ТСН Баумана 5	15588			820	45380			16408			0	16408	15588	820				0	0	0	0	0	0	0	0	0	0	0	0	0	0	0	0
R467		0.03	0.015	0.03	1	1	проходила мимо	15760	0.7387	Денис	Юля	371-69	45394	45407	Лещенко Н.Г.	86064		21336					86064			21336	107400	76000	31400				0	0	0	0	0	0	0	0	0	0	0	0	0	0	0	0
R468		0.03	0.015	0.03	1	1	проходила мимо	3330	0.7255	Денис	Юля	371-70	45393	45398	Привалихина С.Н.	2768		4590					2768			4590	7358	7358					0	0	0	0	0	0	0	0	0	0	0	0	0	0	0	0
R469		0.03	0.015	0.03	1	1		8400	0.7298	Денис	Юля	371-71	45402	45418	Мироненко И.В.	41890		11510	-500	45419			41390			11510	52900	40000	12900				0	0	0	0	0	0	0	0	0	0	0	0	0	0	0	0
R470		0.03	0.015	0.03	1	1	уже обращался	17000	0.7225	Денис	Юля	371-72	45430	45451	Неганов А.Н.	100400		23529	-8800	45456			91600	-2465	45456	21064	112664	90000	22664				0	0	0	0	0	0	0	0	0	0	0	0	0	0	0	0
R471		0.03	0.015	0.03	1	1	наружка	15510	0.7446	Денис	Юля	371-73	45436	45463	Романова Г.А.	87751		20829					87751			20829	108580	10000	98580				0	0	0	0	0	0	0	0	0	0	0	0	0	0	0	0
R472		0.03	0.015	0.03	1	1	уже обращался	5550	0.7533	Денис	Юля	371-74	45453	45478	Разумова В.В.	36230		7368					36230			7368	43598	35000	12598				-4000	-0.0917	0	0	0	0	0	0	0	0	0	0	0	0	0	0
R473		0.03	0.015	0.03	1	1	уже обращался	6070	0.7538	Денис	Юля	371-75	45463	45475	Яковенко О.Н.	34223		8053					34223			8053	42276	42276					0	0	0	0	0	0	0	0	0	0	0	0	0	0	0	0
R474		0.03	0.015	0.03	1	1	интернет	18150	0.7432	Денис	Юля	371-76	45465	45488	Грядунова А.Г.	103737		24423	2228	45488			105965			24423	130388	100000	30388				0	0	0	0	0	0	0	0	0	0	0	0	0	0	0	0
R475		0.03	0.015	0.03	1	1	уже обращался	5250	0.7	Денис	Юля	371-77	45465	45476	Байбородина Л.Л.			7500					0			7500	7500	7500					0	0	0	0	0	0	0	0	0	0	0	0	0	0	0	0
R476		0.03	0.015	0.03	1	1	уже обращался	8380	0.758	Денис	Юля	371-78	45472	45484	Сиворакша Н.А.	71716		11056					71716			11056	82772	82772					0	0	0	0	0	0	0	0	0	0	0	0	0	0	0	0
R477			0.015	0.03		1			#DIV/0!		Юля	37-79	45472		Неганов А.Н.	4776							4776			0	4776	4776					0	0	0	0	0	0	0	0	0	0	0	0	0	0	0	0
R478		0.03	0.015	0.03	4	1	мимо проходила	13500	0.7595	Денис П	Юля	374-80	45485	45499	Иванова Л.Е.	72306		17776	-2382	45499			69924			17776	87700	60000	27700				0	0	0	0	0	0	0	0	0	0	0	0	0	0	0	0
R479		0.03	0.015	0.03	4	1	наружка	13565	0.7365	Денис П	Юля	374-81	45485	45511	Дуров А.А.	106583		18417					106583			18417	125000	100000	25000				0	0	0	0	0	0	0	0	0	0	0	0	0	0	0	0
R480			0.015	0.03		1	уже обращался		#DIV/0!	бз	Юля	37-82	45485	45499	Волощенко Г.В.	2984							2984			0	2984	2984					0	0	0	0	0	0	0	0	0	0	0	0	0	0	0	0
R481		0.03	0.015	0.03	4	1	листовки	3370	0.7403	Денис П	Юля	374-83	45488	45498	Кравченко Р.С.	23625		4552					23625			4552	28177	28177					0	0	0	0	0	0	0	0	0	0	0	0	0	0	0	0
R482		0.03	0.015	0.03	4	1	уже обращался	6440	0.7	Денис П	Юля	374-84	45489	45526	Стоян Л.А.	25521		9200					25521			9200	34721	34721					0	0	0	0	0	0	0	0	0	0	0	0	0	0	0	0
R483		0.03	0.015	0.03	4	1	интернет	800	#DIV/0!	Денис П	Юля	374-85	45491	45499	Суетин А.Н.	71019							71019			0	71019	71019					0	0	0	0	0	0	0	0	0	0	0	0	0	0	0	0
R484		0.03	0.015	0.03	4	1	уже обращался	3580	0.7378	Денис П	Юля	374-86	45498	45512	Попова Ю.В.	27135		4852					27135			4852	31987	31987					0	0	0	0	0	0	0	0	0	0	0	0	0	0	0	0
R485		0.03	0.015	0.03	4	1	наружка	6640	0.737	Денис П	Юля	374-87	45498	45516	Михеева Л.Н.	38772		9010					38772			9010	47782	47782					0	0	0	0	0	0	0	0	0	0	0	0	0	0	0	0
R486		0.03	0.015	0.03	1	1			#DIV/0!			374-88											0			0	0						0	#DIV/0!	0	0	0	0	0	0	0	0	0	0	0	0	0	0
R487		0.03	0.015	0.03	4	1	листовки	4990	0.7546	Денис П	Юля	374-89	45505	45518	Егоров М.С.	39898		6613					39898			6613	46511	33000	13511				0	0	0	0	0	0	0	0	0	0	0	0	0	0	0	0
R488		0.03	0.015	0.03	1	1		14890	0.7007	Денис	Юля	371-90	45525	45545	Большакова Л.П.	99995		21250					99995			21250	121245	121245					0	0	0	0	0	0	0	0	0	0	0	0	0	0	0	0
R489		0.03	0.015	0.03	1	1	уже обращался	8100	0.6997	Денис	Юля	373-91	45535	45563	Скоторенко В.А.	63585		11576					63585			11576	75161	75161					0	0	0	0	0	0	0	0	0	0	0	0	0	0	0	0
R490		0.03	0.015	0.03	1	1		3496	0.7003	Денис	Юля	371-92	45546	45565	Гваздовский И.В.	24840		4992					24840			4992	29832	29832					0	0	0	0	0	0	0	0	0	0	0	0	0	0	0	0
R491			0.015	0.03		1			#DIV/0!		Юля	37-93	45546	45555	Чащин В.С.	30736			4417	45551			35153			0	35153	30736	4417				0	0	0	0	0	0	0	0	0	0	0	0	0	0	0	0
R492		0.03	0.015	0.03	1	1	наружка		0			371-94		расторжение	Столетов М.А.	6002		3700					6002			3700	9702	9702	-9702				9702	1	0	0	0	0	0	0	0	0	0	0	0	0	0	0
R493		0.03	0.015	0.03	1	1	работник гермеса	5650	0.7691	Денис	Юля	371-95	45559	45589	Агафонова М.Р.	31803		7346					31803			7346	39149	39149					0	0	0	0	0	0	0	0	0	0	0	0	0	0	0	0
R494		0.03	0.015	0.03	2	1	уже обращался	22300	0.7003	Антон	Юля	372-96	45566	45586	Кузнецова А.С.	95457		31843					95457			31843	127300	90000	37300				0	0	0	0	0	0	0	0	0	0	0	0	0	0	0	0
R495		0.03	0.015	0.03	1	1	интернет	6900	0.7571	Денис	Юля	372-97	45575	45590	Анасьева И.В.	58700		9114					58700			9114	67814	67814					0	0	0	0	0	0	0	0	0	0	0	0	0	0	0	0
R496		0.03	0.015	0.03	1	1	мимо проходила	7600	0.7078	Денис	Юля	371-98	45566	45581	Рулов А.И.	50670		10738					50670			10738	61408	43000	18408				0	0	0	0	0	0	0	0	0	0	0	0	0	0	0	0
R497		0.03	0.015	0.03	1	1	мимо проходила	3800	0.7059	Денис	Юля	371-99	45587	45605	Хритрина Е.В.	24165		5383					24165			5383	29548	21000	8548				0	0	0	0	0	0	0	0	0	0	0	0	0	0	0	0
R498		0.03	0.015	0.03	1	1	наружка	12200	0.7035	Денис	Юля	371-100	45590	45619	Ильина Е.Ф.	77355		17342					77355			17342	94697	67000	27697				0	0	0	0	0	0	0	0	0	0	0	0	0	0	0	0
R499		0.03	0.015	0.03	1	1	уже обращался	4100	0.708		Юля	371-101	45614	45621	Воражко Т.А.	26460		5791					26460			5791	32251	23000	9251				0	0	0	0	0	0	0	0	0	0	0	0	0	0	0	0
R500		0.03	0.015	0.03	1	1	интернет		0	Денис	Юля	371-101	45642	45652	Дроздова Н.Д.	149850		54144					149850			54144	203994	203994					0	0	0	0	0	0	0	0	0	0	0	0	0	0	0	0
R501		0.03	0.015	0.03	1	1		4100	0.708	Денис	Юля	371-102	45654	45675	Воражко Т.А.	26460		5791	1350	45677			27810			5791	33601	25000	7251	1350			0	0	0	0	0	0	0	0	0	0	0	0	0	0	0	0
R502		0.03	0.015	0.05	1	1		12410	0.7005	Денис	Юля	371-103	45695	45712	Мороз Л.В.	76658		17715					76658			17715	94373	94273					100	0.0011	0	0	0	0	0	0	0	0	0	0	0	0	0	0
R503		0.03	0.015	0.05	1	1	уже обращался	4060	0.701	Денис	Юля	371-104	45699	45707	Калужин О.О.	29254		5792					29254			5792	35046	35046					0	0	0	0	0	0	0	0	0	0	0	0	0	0	0	0
R504		0.03	0.015	0.05	1	1		11500	0.5961	Денис	Юля	371-105	45731	45763	Грядунова А.Г.	10000		19293					10000			19293	29293	29293					0	0	0	0	0	0	0	0	0	0	0	0	0	0	0	0
R505		0.03	0.015	0.05	1	1	наружка	4600	0.7067	Денис	Юля	371-106	45736	45745	Косарев А.В.	36990		6509					36990			6509	43499	31000	12499				0	0	0	0	0	0	0	0	0	0	0	0	0	0	0	0
R506		0.03	0.015	0.05	1	1		4340	0.701	Денис	Юля	371-107	45745	45754	Горажко Т.А.	27472		6191					27472			6191	33663	33663					0	0	0	0	0	0	0	0	0	0	0	0	0	0	0	0
R507		0.03	0.015	0.05	1	1	по рекомендации	11000	0.7017		Юля	371-108	45790	45799	Горбатова Е.В.	73734		15676					73734			15676	89410	89410					0	0	0	0	0	0	0	0	0	0	0	0	0	0	0	0
R508		0.03	0.015	0.05	1	1	наружка	20700	0.7033		Юля	371-109	45790	45805	Клементьев В.С.	124875		29431					124875			29431	154306	109000	45306				0	0	0	0	0	0	0	0	0	0	0	0	0	0	0	0
R509		0.03	0.015	0.05	1	1	интернет	8200	0.7042		Юля	371-110	45800	45808	Тихомирова Е.В.	47385		11644					47385			11644	59029	59029					0	0	0	0	0	0	0	0	0	0	0	0	0	0	0	0
R510		0.03	0.015	0.05	1	1	наружка	21570	0.7011	Денис	Юля	371-111	45821	45831	Пармёнов А.И.	103950		30764					103950			30764	134714	100000	30000	4714			0	0	0	0	0	0	0	0	0	0	0	0	0	0	0	0
R511		0.03	0.015	0.05	1	1	интернет	15500	0.7	Денис	Юля	371-112	45832	45848	Кирилова И.Л.	90615		22144	1620	45835			92235			22144	114379	80000	1620	32759			0	0	0	0	0	0	0	0	0	0	0	0	0	0	0	0
R512		0.03	0.015	0.05	1	1	уже обращался	21000	0.6998	Денис	Юля	371-113	45840	45848	Фомина Н.В.	93150		30009					93150			30009	123159	70000	53153				6	0	0	0	0	0	0	0	0	0	0	0	0	0	0	0
R513		0.03	0.015	0.05	1	1	наружка	17400	0.7001	Денис	Юля	371-114	45846	45854	Берёзина Г.Ф.	83565		24852	8800	45848			92365			24852	117217	10000	70000	28417	8800		0	0	0	0	0	0	0	0	0	0	0	0	0	0	0	0
R514		0.03	0.015	0.05	1	1	по рекомендации	19100	0.7267	Денис	Юля	371-115	45855	45869	Шевчук Д.Х.	104625		26285	-2375	45862			102250			26285	128535	92000	36533				2	0	0	0	0	0	0	0	0	0	0	0	0	0	0	0
R515		0.03	0.015	0.05	1	1		5000	0.6996	Денис	Юля	371-116	45863	45878	Иванов В.М.	28353		7147					28353			7147	35500	35500					0	0	0	0	0	0	0	0	0	0	0	0	0	0	0	0
R516		0.03	0.015	0.05	1	1	по рекомендации	4440	0.7003	Денис	Юля	371-117	45863	45894	Базанова Е.Н.	22960		6340					22960			6340	29300	21000	8300				0	0	0	0	0	0	0	0	0	0	0	0	0	0	0	0
R517		0.03	0.015	0.05	1	1		7450	0.7425		Юля	371-118	45876	45889	Мрачковская Е.Б.	25697		10033	1950	45876			27647			10033	37680	1950	35730				0	0	0	0	0	0	0	0	0	0	0	0	0	0	0	0
R518		0.03	0.015	0.05	1	1	уже обращался	12900	0.7016		Юля	371-119	45876	45899	Агафонова М.Р.	59515		18387					59515			18387	77902	30000	16000	16000	15902		0	0	0	0	0	0	0	0	0	0	0	0	0	0	0	0
R519		0.03	0.015	0.05	1	1	уже обращался	6900	0.7017	Денис	Юля	371-120	45899	45909	Железняк Л.Н.	28571		9833					28571			9833	38404	38404					0	0	0	0	0	0	0	0	0	0	0	0	0	0	0	0
R520		0.03	0.015	0.05	1	1	уже обращался	8800	0.7025	Денис	Юля	371-121	45897	45910	Дементьев В.А.	47828		12526					47828			12526	60354	60354					0	0	0	0	0	0	0	0	0	0	0	0	0	0	0	0
R521		0.03	0.015	0.05	1	1	уже обращался	7900	0.6971	Денис	Юля	371-122	45917	45938	Зимарева О.В.	27337		11333					27337			11333	38670	27000	11670				0	0	0	0	0	0	0	0	0	0	0	0	0	0	0	0
R522		0.03	0.015	0.05	1	1	уже обращался	14800	0.7016	Денис	Юля	371-123	45910	45924	Кукоба С.Л.	79920		21096					79920			21096	101016	71000	30016				0	0	0	0	0	0	0	0	0	0	0	0	0	0	0	0
R523		0.03	0.015	0.05	1	1	по рекомендации	5400	0.704	Денис	Юля	371-124	45912	45933	Шевашкевич В.Г.	34155		7670					34155			7670	41825	30000	11825				0	0	0	0	0	0	0	0	0	0	0	0	0	0	0	0
R524		0.03	0.015	0.05	1	1	интернет	18300	0.7007	Денис	Юля	371-125	45913	45941	Коваленко А.А.	105030		26117	2580	45951			107610			26117	133727	92000	39147	2580			0	0	0	0	0	0	0	0	0	0	0	0	0	0	0	0
R525		0.03	0.015	0.05	1	1	интернет	5100	0.6996	Денис	Юля	371-126	45929	45947	Коржнева Е.А.	32575		7290					32575			7290	39865	28000	11865				0	0	0	0	0	0	0	0	0	0	0	0	0	0	0	0
R526		0.03	0.015	0.05	1	1	уже обращался	10200	0.6996	Денис	Юля	371-127	45926	45945	Смирнова А.В.	52920		14580					52920			14580	67500	67500					0	0	0	0	0	0	0	0	0	0	0	0	0	0	0	0
R527		0.03	0.015	0.05	1	1	по рекоменации	3560	0.7	Денис	Юля	371-128	45927	45945	Колиснык Т.Е.	24840		5086					24840			5086	29926	29926					0	0	0	0	0	0	0	0	0	0	0	0	0	0	0	0
R528		0.03	0.015	0.05	1	1		5200	0.704	Денис	Юля	371-129	45938	45958	винокуров С.Н.	31050		7386					31050			7386	38436	27000	11436				0	0	0	0	0	0	0	0	0	0	0	0	0	0	0	0
R529		0.03	0.015	0.05	1	1	наружка		0	Денис	Юля	371-130	45958	45972	Владыко В.В.	95985		22579					95985	3083	45973	25662	121647	83000	35564	3083			0	0	0	0	0	0	0	0	0	0	0	0	0	0	0	0
R530		0.03	0.015	0.05	1	1	наружка		0	Денис	Юля	371-131	45959	45974	Скупова Н.В.	74178		26655					74178			26655	100833	72000	28833				0	0	0	0	0	0	0	0	0	0	0	0	0	0	0	0
R531		0.03	0.015	0.05	1	1	по рекомендации	12700	0.6988	Денис	Юля	371-132	45962	45968	Маркова Т.В.	60398		18173					60398			18173	78571	78571					0	0	0	0	0	0	0	0	0	0	0	0	0	0	0	0
R532		0.03	0.015	0.05	1	1	уже обращался	7800	0.707	Денис	Юля	371-133	45974	45990	Агафонова М.Р.	41500		11032					41500			11032	52532	15000	9383	9383	9383		9383	0.1786	0	0	0	0	0	0	0	0	0	0	0	0	0	0
R533		0.03	0.015	0.05	1	1		5600	0.7004		Юля	371-134	45999	46006	Велиев Р.Я.	4274		7996					4274			7996	12270	12270					0	0	0	0	0	0	0	0	0	0	0	0	0	0	0	0
R534		0.03	0.015	0.046	1	1	уже обращался	13500	#DIV/0!	Денис	Юля	371-135	46053	46076	Стоян Н.В.	80530			4040	46053			84570			0	84570	80530	4040				0	0	0	0	0	0	0	0	0	0	0	0	0	0	0	0
R535		0.03	0.015	0.046	1	1		25300	0.6805	Денис	Юля	371-136	46070	46087	Шаров Д.Л.	135945		37177	-923	46105			135022			37177	172199	125000	47199				0	0	0	0	0	0	0	0	0	0	0	0	0	0	0	0
R536		0.03	0.015	0.046	1	1	уже обращался	8400	0.7	Денис	Юля	371-137	46072	46088	Максимов С.О.	21330		12000					21330			12000	33330	33330					0	0	0	0	0	0	0	0	0	0	0	0	0	0	0	0
R537		0.03	0.015	0.046	1	1	мимо проодила	4870	0.6808	Денис	Юля	371-138	46078	46091	Соловьева С.В.	22950		7153					22950			7153	30103	30103					0	0	0	0	0	0	0	0	0	0	0	0	0	0	0	0
R538		0.03	0.015	0.046	1	1	по рекомендации	9200	0.6754	Денис	Юля	371-139	46095	46104	Ткаченко Д.П.	32954		13621					32954			13621	46575	46575					0	0	0	0	0	0	0	0	0	0	0	0	0	0	0	0
R539		0.03	0.015	0.046	1	1	уже обращался	5180	0.6807	Денис	Юля	371-140	46120	46128	Кравец А.А.	27306		7610	-3633	46115			23673			7610	31283	10000	18916	2367			0	0	0	0	0	0	0	0	0	0	0	0	0	0	0	0
R540		0.03	0.015	0.046	1	1	по рекомендации	33412	0.7549	Денис	Юля	371-141	46115	46126	Кукушка Н.И.	108662		44259					108662	-102	46126	44157	152819	110000	42869				-50	-0.0003	0	0	0	0	0	0	0	0	0	0	0	0	0	0
R541		0.03	0.015	0.046	1	1	мимо проодила	7840	0.6709	Денис	Юля	371-142	46120	46129	Жарков А.В.	36855		11685					36855			11685	48540	48540					0	0	0	0	0	0	0	0	0	0	0	0	0	0	0	0
R542		0.03	0.015	0.046	1	1		9100	0.6832	Денис	Юля	371-143	46120	46129	Жарков А.В.	36855		13320	3335	46122			40190			13320	53510	50175	3335				0	0	0	0	0	0	0	0	0	0	0	0	0	0	0	0
R543		0.03	0.015	0.046	1	1		19180	0.672	Денис	Юля	371-144	46121	46134	Евтухова С.И.	102870		28540					102870			28540	131410	131410					0	0	0	0	0	0	0	0	0	0	0	0	0	0	0	0
R544		0.03	0.015	0.046	1	1		13720	0.6775	Денис	Юля	371-145	46121	46134	Евтухова С.И.	62391		20250					62391			20250	82641	82641					0	0	0	0	0	0	0	0	0	0	0	0	0	0	0	0
R545		0.03	0.015	0.046	1	1	уже обращался	2800	0.4308	Денис	Юля	371-146	46129	46141	Соколов В.С.	4363		6500					4363			6500	10863	10863					0	0	0	0	0	0	0	0	0	0	0	0	0	0	0	0
R546		0.03	0.015	0.046	1	1	интернет	18970	0.6751	Денис	Юля	371-147	46133	46157	Микая Е.А.	104085		28100					104085			28100	132185	132185					0	0	0	0	0	0	0	0	0	0	0	0	0	0	0	0
R547		0.03	0.015	0.046	1	1	работаю рядом	2800	0.4308	Денис	Юля	371-148	46142	46158	Комлева С.В.	5400		6500					5400			6500	11900	11900					0	0	0	0	0	0	0	0	0	0	0	0	0	0	0	0
R548		0.03	0.015	0.046	1	1		4000	0.6623	Денис	Юля	371-149	46158		Микая Е.А.	15525		6040					15525			6040	21565	21565					0	0	0	0	0	0	0	0	0	0	0	0	0	0	0	0
R549		0.03	0.015	0.046	1	1	интернет	18760	0.6797	Денис	Юля	371-150	46165	46182	Смирнова Г.И.	92880		27600					92880			27600	120480	85000	35480				0	0	0	0	0	0	0	0	0	0	0	0	0	0	0	0
R550		0.03	0.015	0.046	1	1		3850	0.7	Денис	Юля	371-151	46184	46200	Ефремов В.Ю.	5674		5500					5674			5500	11174	11174					0	0	0	0	0	0	0	0	0	0	0	0	0	0	0	0
R551		0.03	0.015	0.046	1	1		40250	0.7	Денис	Юля	371-152	46213	46240	Тищенко Г.Н.	109300		57500					109300			57500	166800	120000	46800				0	0	0	0	0	0	0	0	0	0	0	0	0	0	0	0
R552		0.03	0.015	0.046	1	1			#DIV/0!	Денис	Юля	371-153	46214	46221	Разумова В.В.	4900							4900			0	4900	4900					0	0	0	0	0	0	0	0	0	0	0	0	0	0	0	0
R553		0.03	0.015	0.046	1	1		9240	0.6754	Денис	Юля	371-154	46224	46234	Голубчикова С.И.	37530		13680					37530			13680	51210	51210					0	0	0	0	0	0	0	0	0	0	0	0	0	0	0	0
R554		0.03	0.015	0.046	1	1		18816	0.6851	Денис	Юля	371-155	46224	46235	Буравицкая Н.В.	78436		27464					78436			27464	105900	105900					0	0	0	0	0	0	0	0	0	0	0	0	0	0	0	0
R555		0.03	0.015	0.046	1	1	по рекомендации	8540	0.6772	Денис	Юля	371-156	46226	46239	Любар Т.А.	58793		12610					58793			12610	71403	50000	21403				0	0	0	0	0	0	0	0	0	0	0	0	0	0	0	0
R556		0.03	0.015	0.046	1	1	интернет	4250	0.6538	Денис	Юля	371-157	46227	46241	Попова Л.Ф.	9180		6500					9180			6500	15680	15680					0	0	0	0	0	0	0	0	0	0	0	0	0	0	0	0
R557		0.03	0.015	0.046	1	1	по рекомендации		0	Денис	Юля	371-158	46231	расторжение	Касесева З.И.	83025		27734	-50000	46242			33025			27734	60759	50000	-50000				60759	1	0	0	0	0	0	0	0	0	0	0	0	0	0	0
R558		0.03	0.015	0.046	1	1		39430	0.9108	Денис	Юля	371-159	46231	46256	Тукмакова Н.Г.	110565		43290	-27955	46241			82610			43290	125900	100000	25900				0	0	0	0	0	0	0	0	0	0	0	0	0	0	0	0
R559		0.03	0.015	0.046	1	1	по рекомендации	45600	0.6799	Денис	Юля	371-160	46269	46291	Затулий Е.В.	197212		67072	-2784	46276			194428			67072	261500	180000	70000	11500			0	0	8509.9448	3647.1192	-128.064	0	0	12029	7845	3922.5	1	264284	261500	264284	12029	7845
R560		0.03	0.015	0.046	1	1	наружка		0	Денис	Юля	371-161	46273		Ермакова Ю.О.	32670		12685					32670			12685	45355	45355					0	0	1460.431	0	0	0	0	1460.431	952.455	476.2275	0	45355	0	0	1460.431	952.455
R561		0.03	0.015	0.046	1	1			0	Денис	Юля	371-162	46274		Борхович М.В.	62765		12672					62765			12672	75437	53000					22437	0.2974	2429.0714	0	0	0	0	2429.0714	1584.177	792.0885	0	75437	0	0	2429.0714	1584.177
R562		0.03	0.015	0.046	1	1			0	Денис	Юля	371-163	46290		Смирнова Г.И.	36934		13045					36934			13045	49979	49979					0	0	1609.3238	0	0	0	0	1609.3238	1049.559	524.7795	0	49979	0	0	1609.3238	1049.559
R563		0.03	0.015	0.046	1	1			0	Денис	Юля	371-164	46290		Гасанова В.М.	76444		19170					76444			19170	95614	95614					0	0	3078.7708	0	0	0	0	3078.7708	2007.894	1003.947	0	95614	0	0	3078.7708	2007.894
R564		0.03	0.015	0.046	1	1			0			371-165			Михаленко О.А.	100845		22260					100845			22260	123105	30000					93105	0.7563	0	0	0	0	0	0	0	0	0	0	0	0	0	0
R565		0.03	0.015	0.046	1	1			0	Денис	Юля	371-166	46295		Моисеева Г.Е.	146880		38061					146880			38061	184941	130000					54941	0.2971	5955.1002	0	0	0	0	5955.1002	3883.761	1941.8805	0	184941	0	0	5955.1002	3883.761
R566		0.03	0.015	0.046	1	1			0			371-167	46296		Стышнова Н.О.	10402		6200					10402			6200	16602	16602					0	0	0	0	0	0	0	0	0	0	0	0	0	0	0	0
R567		0.03	0.015	0.046	1	1			#DIV/0!														0			0	0						0	#DIV/0!	0	0	0	0	0	0	0	0	0	0	0	0	0	0
R568		0.03	0.015	0.046	1	1			#DIV/0!														0			0	0						0	#DIV/0!	0	0	0	0	0	0	0	0	0	0	0	0	0	0
R569		0.03	0.015	0.046	1	1			#DIV/0!														0			0	0						0	#DIV/0!	0	0	0	0	0	0	0	0	0	0	0	0	0	0
R570		0.03	0.015	0.046	1	1			#DIV/0!														0			0	0						0	#DIV/0!	0	0	0	0	0	0	0	0	0	0	0	0	0	0
R571		0.03	0.015	0.046	1	1			#DIV/0!														0			0	0						0	#DIV/0!	0	0	0	0	0	0	0	0	0	0	0	0	0	0
R572		0.03	0.015	0.046	1	1			#DIV/0!														0			0	0						0	#DIV/0!	0	0	0	0	0	0	0	0	0	0	0	0	0	0
R573		0.03	0.015	0.046	1	1			#DIV/0!														0			0	0						0	#DIV/0!	0	0	0	0	0	0	0	0	0	0	0	0	0	0
R574		0.03	0.015	0.046	1	1			#DIV/0!														0			0	0						0	#DIV/0!	0	0	0	0	0	0	0	0	0	0	0	0	0	0
R575		0.03	0.015	0.046	1	1			#DIV/0!														0			0	0						0	#DIV/0!	0	0	0	0	0	0	0	0	0	0	0	0	0	0
R576		0.03	0.015	0.046	1	1			#DIV/0!														0			0	0						0	#DIV/0!	0	0	0	0	0	0	0	0	0	0	0	0	0	0
R577		0.03	0.015	0.046	1	1			#DIV/0!														0			0	0						0	#DIV/0!	0	0	0	0	0	0	0	0	0	0	0	0	0	0
R578		0.03	0.015	0.046	1	1			#DIV/0!														0			0	0						0	#DIV/0!	0	0	0	0	0	0	0	0	0	0	0	0	0	0
R580							жалюзи																												0	0				0	0	0	0	0	0	0	0	--
R581			0.02	0.03		1				бз	Юля	37ж-27	45303	45313	Петровская О.Н.	3142		800					3142			800	3942	3942					0	0	0	0	0	0	0	0	----	0	0	0	0	0	0
R582			0.02	0.03		1	уже обращался				Юля	37ж-28	45334	45338	Виниченко О.В.	17480		3200					17480			3200	20680	20680					0	0	0	0	0	0	0	0	----	0	0	0	0	0	0
R583			0.02	0.03		1	мимо проходила			бз	Юля	37ж-29	45349	45357	Хмиль С.В.	16901		0					16901			0	16901	12000	4901				0	0	0	0	0	0	0	0	----	0	0	0	0	0	0
R584			0.02	0.03		1	вывеска в тц			бз	Юля	37ж-30	45370	45007	Дарий Т.А.	7312		1600					7312			1600	8912	8912					0	0	0	0	0	0	0	0	----	0	0	0	0	0	0
R585			0.02	0.03		1	уже обращался			бз	Юля	37ж-31	45377	45386	Забирова Т.А.	15044		1600					15044			1600	16644	12000	4644				0	0	0	0	0	0	0	0	----	0	0	0	0	0	0
R586			0.02	0.03		1	уже обращался			бз	Юля	37ж-32	45406	45406	Забирова Т.А.	16210		2400					16210			2400	18610	13500	5110				0	0	0	0	0	0	0	0	----	0	0	0	0	0	0
R587			0.02	0.03		1				бз	Юля	37ж-33	45419	45433	Мироненко И.В.	6575		800					6575			800	7375	6000	1375				0	0	0	0	0	0	0	0	----	0	0	0	0	0	0
R588			0.02	0.03		1	наружка			бз	Юля	37ж-34	45479	45485	Ефимова Н.Г.	7277		3200					7277			3200	10477	10477					0	0	0	0	0	0	0	0	----	0	0	0	0	0	0
R589			0.02	0.03		1	уже обращался			бз	Юля	37ж-35	45479	45485	Неганов А.А.	7998		1600					7998			1600	9598	9598					0	0	0	0	0	0	0	0	----	0	0	0	0	0	0
R590			0.02	0.03		1	по рекомендации				Юля	37ж-36	45525	45539	Некрасова О.Ю.	8964		1600					8964			1600	10564	10564					0	0	0	0	0	0	0	0	----	0	0	0	0	0	0
R591			0.02	0.03		1					Юля	37ж-37	45545	45555	Киселёв И.А.	3600		400					3600			400	4000	4000					0	0	0	0	0	0	0	0	----	0	0	0	0	0	0
R592			0.02	0.03		1					Юля	37ж-38	45588	45602	Рогалёва Е.С.	17226		2400					17226			2400	19626	19626					0	0	0	0	0	0	0	0	----	0	0	0	0	0	0
R593			0.02	0.03		1					Юля	37ж-39	45594	45605	Сокол Е.А.	30641		5600					30641			5600	36241	36241					0	0	0	0	0	0	0	0	----	0	0	0	0	0	0
R594			0.02	0.03		1	по рекомендации				Юля	37ж-40	45601	45571	Федорович С.П.	12231		1600					12231			1600	13831	13831					0	0	0	0	0	0	0	0	----	0	0	0	0	0	0
R595			0.02	0.03		1					Юля	37ж-41	45615	45623	Перевозникова С.С.	8964		2400					8964			2400	11364	11364					0	0	0	0	0	0	0	0	----	0	0	0	0	0	0
R596			0.02	0.03		1						37ж-42											0			0	0						0	#DIV/0!	0	0	0	0	0	0	----	0	0	0	0	0	0
R597			0.02	0.03		1					Юля	37ж-43	45624	45639	Демидова Н.Ф.	7932		1700					7932			1700	9632	9632					0	0	0	0	0	0	0	0	----	0	0	0	0	0	0
R598			0.02	0.05		1					Юля	37ж-44	45715	45733	Макарова Т.П.	8100		2000					8100			2000	10100	10100					0	0	0	0	0	0	0	0	----	0	0	0	0	0	0
R599			0.02	0.05		1					Юля	37ж-45	45722	45733	Романовская Т.В.	13392		3300					13392			3300	16692	16692					0	0	0	0	0	0	0	0	----	0	0	0	0	0	0
R600			0.02	0.05		1	уже обращался				Юля	37ж-46	45734	45747	Макарова Т.П.	14100		4000					14100			4000	18100	18100					0	0	0	0	0	0	0	0	----	0	0	0	0	0	0
R601			0.02	0.05		1	уже обращался			бз	Юля	37ж-47	45758	45777	Шишова О.В.	5940		2700					5940			2700	8640	8640					0	0	0	0	0	0	0	0	----	0	0	0	0	0	0
R602			0.02	0.05		1				бз	Юля	37ж-48	45770	45791	Калинина Т.Н.	24785		4000					24785			4000	28785	28785					0	0	0	0	0	0	0	0	----	0	0	0	0	0	0
R603			0.02	0.05		1	уже обращался			бз	Юля	37ж-49	45773	45796	Измайлова Д.А.	20520		6000					20520			6000	26520	26520					0	0	0	0	0	0	0	0	----	0	0	0	0	0	0
R604			0.02	0.05		1				Денис	Юля	37ж-50	45800	45819	Горбатова Е.В.	13680		3000					13680			3000	16680	16680					0	0	0	0	0	0	0	0	----	0	0	0	0	0	0
R605			0.02	0.05		1	мимо проходил			Денис	Юля	37ж-51	45800	45828	Бакланов С.И.	5400		1500					5400			1500	6900	6900					0	0	0	0	0	0	0	0	----	0	0	0	0	0	0
R606			0.02	0.05		1					Юля	37ж-52	45800	45839	Захарова А.М.	3612		1000					3612			1000	4612	4612					0	0	0	0	0	0	0	0	----	0	0	0	0	0	0
R607			0.02	0.05		1	другое			Денис	Юля	37ж-53	45819	45835	Богомолов Д.В.	8384		2000					8384			2000	10384	2384	8000				0	0	0	0	0	0	0	0	----	0	0	0	0	0	0
R608			0.02	0.05		1	уже обращался				Юля	37ж-54	45822	45852	Юшкова Т.Б.	9000		2000					9000			2000	11000	8000	3000				0	0	0	0	0	0	0	0	----	0	0	0	0	0	0
R609			0.02	0.05		1	уже обращался			Денис	Юля	37ж-55	45826	45835	Тихомирова Е.В.	2880		1000					2880			1000	3880	3880					0	0	0	0	0	0	0	0	----	0	0	0	0	0	0
R610			0.02	0.05		1					Юля	37ж-56	45854	45856	Русь строй	11000							11000			0	11000	11000					0	0	0	0	0	0	0	0	----	0	0	0	0	0	0
R611			0.02	0.05		1	мимо проходила				Юля	37ж-57	45863	45873	Бельский В.Л.	7777		2000					7777			2000	9777	9777					0	0	0	0	0	0	0	0	----	0	0	0	0	0	0
R612			0.02	0.05		1	по рекомендации				Юля	37ж-58	45920	45934	Дарий Т.И.	10255		3600					10255			3600	13855	10000	3855				0	0	0	0	0	0	0	0	----	0	0	0	0	0	0
R613			0.02	0.05		1					Юля	37ж-59	45926		Георгиевская Л.С.	13889		2800					13889			2800	16689	16689					0	0	0	0	0	0	0	0	----	0	0	0	0	0	0
R614			0.02	0.05		1					Юля	37ж-60	45931	45950	Большакова Л.П.	12336		2500					12336			2500	14836	10000	4836				0	0	0	0	0	0	0	0	----	0	0	0	0	0	0
R615			0.02	0.05		1	мимо проходила				Юля	37ж-61	45941	45958	Запарожец З.К.	5888		3300					5888			3300	9188	6500	2688				0	0	0	0	0	0	0	0	----	0	0	0	0	0	0
R616			0.02	0.05		1					Юля	37ж-62	45999	46001	Грядунова А.Г.	10320		2000					10320			2000	12320	12320					0	0	0	0	0	0	0	0	----	0	0	0	0	0	0
R617			0.02	0.046		1	наружка				Юля	37ж-63	46060	46072	Смирнова Т.Е.	23915		5000					23915			5000	28915	22000	6915				0	0	0	0	0	0	0	0	----	0	0	0	0	0	0
R618			0.02	0.046		1	по рекомендации				Юля	37ж-64	46065	46072	Ященко А.С.	19860		6000					19860			6000	25860	10000	11102	4758			0	0	0	0	0	0	0	0	----	0	0	0	0	0	0
R619			0.02	0.046		1	наружка				Юля	37ж-65	46094	46115	Фетисова Л.Ф.	9110		3600					9110			3600	12710	9000	3710				0	0	0	0	0	0	0	0	----	0	0	0	0	0	0
R620			0.02	0.046		1	мимо проодила				Юля	37ж-66	46115	46120	Гурина А.В.	8502		2000					8502			2000	10502	10502					0	0	0	0	0	0	0	0	----	0	0	0	0	0	0
R621			0.02	0.046		1	рядом живу				Юля	37ж-67	46126	46141	Манжура Е.В.	10223		2000					10223			2000	12223	12223					0	0	0	0	0	0	0	0	----	0	0	0	0	0	0
R622			0.02	0.046		1	наружка				Юля	37ж-68	46156	46163	Капкина М.П.	8400		2000					8400			2000	10400	10400					0	0	0	0	0	0	0	0	----	0	0	0	0	0	0
R623			0.02	0.046		1	по рекомендации				Юля	37ж-69	46198	46206	Бухнаева М.В.	13683		3600					13683			3600	17283	17283					0	0	0	0	0	0	0	0	----	0	0	0	0	0	0
R624			0.02	0.046		1	мимо проходила				Юля	37ж-70	46197	46221	Гришко И.В.	46748		6000					46748			6000	52748	37000	15748				0	0	0	0	0	0	0	0	----	0	0	0	0	0	0
R625			0.02	0.046		1					Юля	37ж-71	46224	46239	Сидорцова Е.А.	17471		2300					17471			2300	19771	19771					0	0	0	0	0	0	0	0	----	0	0	0	0	0	0
R626			0.02	0.046		1																	0			0	0						0	#DIV/0!	0	0	0	0	0	0	----	0	0	0	0	0	0
R627			0.02	0.046		1																	0			0	0						0	#DIV/0!	0	0	0	0	0	0	----	0	0	0	0	0	0
R628			0.02	0.046		1																	0			0	0						0	#DIV/0!	0	0	0	0	0	0	----	0	0	0	0	0	0
R629			0.02	0.046		1																	0			0	0						0	#DIV/0!	0	0	0	0	0	0	----	0	0	0	0	0	0
R630			0.02	0.046	1	1																	0			0	0						0	#DIV/0!	0	0	0	0	0	0	----	0	0	0	0	0	0
R631			0.02	0.046	1	1																	0			0	0						0	#DIV/0!	0	0	0	0	0	0	----	0	0	0	0	0	0
R632			0.02	0.046	1	1																	0			0	0						0	#DIV/0!	0	0	0	0	0	0	----	0	0	0	0	0	0